auto_target,batch_max_ms,batch_mean_ms,batch_p50_ms,batch_p95_ms,batch_p99_ms,batch_samples,batch_size,bench_cpu_max_percent,bench_rss_kb,checkpoint_key,consumed,db_idle,db_in_use,db_max_open,db_open_conns,db_wait_count,db_wait_duration_ms,drain_timeout,duration,enqueue_timeout,go_heap_alloc_bytes,go_heap_inuse_bytes,go_heap_released_bytes,go_heap_sys_bytes,go_next_gc_bytes,go_num_gc,go_stack_inuse_bytes,go_stack_sys_bytes,go_total_alloc_bytes,latency_max_ms,latency_mean_ms,latency_p50_ms,latency_p95_ms,latency_p99_ms,latency_samples,max_lag,mixed_duration,mode,mysql_cpu_max_percent,mysql_rss_kb,partition_ahead,partition_lookback,partition_window,partitioned,payload_bytes,payload_random,payload_seed,phase,process_max_rss_kb,process_system_cpu_seconds,process_user_cpu_seconds,processed,produced,producer_interval,producers,records,repeat,reset_duration,run_duration,seed_age,seed_days,seed_duration,target_records,throughput_msg_per_sec,use_tx,visible_records,warmup,workers
,53.910449,23.547751,22.082874,35.174063,37.406708,2000,10,10.7,12676,screen|consume|20000|1|10|0|512|true|1h|0s|168h|false|0|0|1|0,0,1,0,9,1,0,0,0,48511406434,0,1513008,2236416,2613248,7798784,4194304,10,589824,589824,31456456,0,0,0,0,0,0,0,0,consume,9.6,506764,604800000000000,0,3600000000000,True,512,False,1,screen,12676,0.555185,0.427983,20000,0,0,0,20000,0,1011838620,48511406434,0,0,2472136997,,412.2741736463587,False,,True,1
,157.476713,24.344623,25.411359,36.191332,40.355245,20000,10,21.7,12984,screen|consume|200000|1|10|0|512|true|1h|0s|168h|false|0|0|0|1,0,1,0,9,1,0,0,0,500902424160,0,3661624,4423680,2179072,7667712,4194304,100,720896,720896,314208872,0,0,0,0,0,0,0,0,consume,17.9,637804,604800000000000,0,3600000000000,True,512,False,1,screen,12984,5.106973999999999,4.635873,200000,0,0,0,200000,1,1363951182,500902424160,0,0,17847705003,,399.279361315519,False,,False,1
,125.30855,24.327055,25.456444,36.244024,40.23703,20000,10,21.7,13244,screen|consume|200000|1|10|0|512|true|1h|0s|168h|false|0|0|0|2,0,1,0,9,1,0,0,0,500545885903,0,1593288,2416640,2654208,7634944,4194304,101,753664,753664,314196848,0,0,0,0,0,0,0,0,consume,13.3,735564,604800000000000,0,3600000000000,True,512,False,1,screen,13244,5.186654,4.482507999999999,200000,0,0,0,200000,2,1430602470,500545885903,0,0,17867888972,,399.56376754389646,False,,False,1
,497.521984,23.987613,22.34158,35.813332,40.965911,20000,10,21.2,13172,screen|consume|200000|1|10|0|512|true|1h|0s|168h|false|0|0|0|3,0,1,0,9,1,0,0,0,493398977942,0,3207792,4087808,2359296,7602176,4194304,101,786432,786432,314203016,0,0,0,0,0,0,0,0,consume,12.9,840524,604800000000000,0,3600000000000,True,512,False,1,screen,13172,5.204782999999999,4.315673,200000,0,0,0,200000,3,1483966983,493398977942,0,0,18433334836,,405.35146796252667,False,,False,1
,56.975838,25.369749,25.550818,35.174979,38.912526,400,50,10.5,12244,screen|consume|20000|1|50|0|512|true|1h|0s|168h|false|0|0|1|0,0,1,0,9,1,0,0,0,10510001013,0,3182840,3940352,2957312,7831552,4194304,8,557056,557056,27477840,0,0,0,0,0,0,0,0,consume,12.4,849324,604800000000000,0,3600000000000,True,512,False,1,screen,12304,0.10638999999999998,0.13284900000000002,20000,0,0,0,20000,0,1301995289,10510001013,0,0,2378520890,,1902.9493884217193,False,,True,1
,126.846759,27.715522,26.856442,40.1451,45.858435,4000,50,22.5,13248,screen|consume|200000|1|50|0|512|true|1h|0s|168h|false|0|0|0|1,0,1,0,9,1,0,0,0,114252193534,0,1465472,2318336,2564096,7667712,4194304,85,720896,720896,274446496,0,0,0,0,0,0,0,0,consume,13.1,951884,604800000000000,0,3600000000000,True,512,False,1,screen,13248,1.1499100000000002,1.137542,200000,0,0,0,200000,1,1342769783,114252193534,0,0,17414584221,,1750.5134371051051,False,,False,1
,131.078432,27.823543,27.116356,40.00775,44.82871,4000,50,22.1,13548,screen|consume|200000|1|50|0|512|true|1h|0s|168h|false|0|0|0|2,0,1,0,9,1,0,0,0,114748738278,0,1798768,2678784,2588672,7667712,4194304,85,720896,720896,274449920,0,0,0,0,0,0,0,0,consume,13.6,1046924,604800000000000,0,3600000000000,True,512,False,1,screen,13548,1.136374,1.164364,200000,0,0,0,200000,2,1399554784,114748738278,0,0,17482776723,,1742.9385542825148,False,,False,1
,120.814386,27.864608,27.049481,40.120439,46.155431,4000,50,22.2,13544,screen|consume|200000|1|50|0|512|true|1h|0s|168h|false|0|0|0|3,0,1,0,9,1,0,0,0,114975541106,0,2361232,3203072,2555904,7569408,4194304,85,819200,819200,274463512,0,0,0,0,0,0,0,0,consume,14.1,1138604,604800000000000,0,3600000000000,True,512,False,1,screen,13544,1.1615539999999998,1.158232,200000,0,0,0,200000,3,1394589976,114975541106,0,0,17897388647,,1739.500402225661,False,,False,1
,118.916072,31.607265,28.742087,42.715782,73.730334,200,100,10.7,12356,screen|consume|20000|1|100|0|512|true|1h|0s|168h|false|0|0|1|0,0,1,0,9,1,0,0,0,6514667257,0,3524944,4333568,2834432,7897088,4194304,8,491520,491520,26732560,0,0,0,0,0,0,0,0,consume,14.1,1141484,604800000000000,0,3600000000000,True,512,False,1,screen,12740,0.061270999999999964,0.07167799999999999,20000,0,0,0,20000,0,1413210165,6514667257,0,0,2415758949,,3069.9956284812597,False,,True,1
,166.45768,32.356572,29.455389,44.058606,51.718244,2000,100,22.6,12768,screen|consume|200000|1|100|0|512|true|1h|0s|168h|false|0|0|0|1,0,1,0,9,1,0,0,0,66885139320,0,817400,1712128,2760704,7700480,4194304,84,688128,688128,267190904,0,0,0,0,0,0,0,0,consume,14.7,1233804,604800000000000,0,3600000000000,True,512,False,1,screen,13076,0.6306979999999998,0.7001149999999998,200000,0,0,0,200000,1,1363704485,66885139320,0,0,17062557348,,2990.2008433164165,False,,False,1
,493.169016,32.496931,29.505465,43.7614,52.321566,2000,100,21.8,13016,screen|consume|200000|1|100|0|512|true|1h|0s|168h|false|0|0|0|2,0,1,0,9,1,0,0,0,67062316370,0,2706448,3506176,2686976,7733248,4194304,83,655360,655360,267196440,0,0,0,0,0,0,0,0,consume,15.1,1315404,604800000000000,0,3600000000000,True,512,False,1,screen,13016,0.6653919999999998,0.6715079999999998,200000,0,0,0,200000,2,1724178001,67062316370,0,0,17337547139,,2982.3008035772086,False,,False,1
,124.74184,32.154793,29.400683,44.598109,54.205477,2000,100,21.7,13500,screen|consume|200000|1|100|0|512|true|1h|0s|168h|false|0|0|0|3,0,1,0,9,1,0,0,0,66340886210,0,844640,1744896,2768896,7733248,4194304,84,655360,655360,267193472,0,0,0,0,0,0,0,0,consume,15.6,1365164,604800000000000,0,3600000000000,True,512,False,1,screen,13500,0.640104,0.6871049999999999,200000,0,0,0,200000,3,1493197399,66340886210,0,0,17715806916,,3014.732112062933,False,,False,1
,115.923531,32.440627,28.571218,43.443035,98.269693,100,200,10.7,12348,screen|consume|20000|1|200|0|512|true|1h|0s|168h|false|0|0|1|0,0,1,0,9,1,0,0,0,3436508804,0,3504392,4390912,2703360,7864320,4194304,8,524288,524288,26399040,0,0,0,0,0,0,0,0,consume,15.6,1367084,604800000000000,0,3600000000000,True,512,False,1,screen,12348,0.034970999999999974,0.045159000000000005,20000,0,0,0,20000,0,1550468438,3436508804,0,0,2496706667,,5819.859962739092,False,,True,1
,124.234619,37.730539,37.364996,48.888038,73.668093,1000,200,22.7,13180,screen|consume|200000|1|200|0|512|true|1h|0s|168h|false|0|0|0|1,0,1,0,9,1,0,0,0,39052722205,0,2524184,3424256,2621440,7700480,4194304,84,688128,688128,263798320,0,0,0,0,0,0,0,0,consume,16.0,1394604,604800000000000,0,3600000000000,True,512,False,1,screen,13236,0.36191499999999976,0.4717149999999999,200000,0,0,0,200000,1,1452364001,39052722205,0,0,16998176680,,5121.281916024629,False,,False,1
,481.526926,37.574688,37.032875,48.836063,71.249645,1000,200,21.7,12936,screen|consume|200000|1|200|0|512|true|1h|0s|168h|false|0|0|0|2,0,1,0,9,1,0,0,0,38974310664,0,1217344,2080768,2359296,7700480,4194304,85,688128,688128,263827856,0,0,0,0,0,0,0,0,consume,16.4,1404044,604800000000000,0,3600000000000,True,512,False,1,screen,12936,0.3821729999999999,0.4520409999999999,200000,0,0,0,200000,2,1660391428,38974310664,0,0,17627946327,,5131.585308184477,False,,False,1
,153.180598,37.06955,36.909155,48.239187,74.686444,1000,200,21.7,12900,screen|consume|200000|1|200|0|512|true|1h|0s|168h|false|0|0|0|3,0,1,0,9,1,0,0,0,38486059533,0,683656,1531904,2637824,7700480,4194304,85,688128,688128,263801040,0,0,0,0,0,0,0,0,consume,16.8,1404844,604800000000000,0,3600000000000,True,512,False,1,screen,13060,0.375858,0.46631199999999984,200000,0,0,0,200000,3,1447736614,38486059533,0,0,17808599853,,5196.686863421529,False,,False,1
,142.636371,39.153225,36.493497,51.060686,97.020148,2000,10,9.3,12032,screen|consume|20000|2|10|0|512|true|1h|0s|168h|false|0|0|1|0,0,2,0,10,2,0,0,0,40218964406,0,2545328,3473408,2793472,7798784,4194304,10,589824,589824,31461248,0,0,0,0,0,0,0,0,consume,16.8,1405324,604800000000000,0,3600000000000,True,512,False,1,screen,12244,0.513761,0.47411600000000004,20000,0,0,0,20000,0,1589602241,40218964406,0,0,2642855560,,497.27784629423064,False,,True,2
,149.053601,37.260578,36.369808,46.288394,51.767824,20000,10,21.7,13492,screen|consume|200000|2|10|0|512|true|1h|0s|168h|false|0|0|0|1,0,2,0,10,2,0,0,0,380717237937,0,2012056,2850816,2514944,7569408,4194304,102,819200,819200,314185416,0,0,0,0,0,0,0,0,consume,17.0,1406444,604800000000000,0,3600000000000,True,512,False,1,screen,13492,5.4712950000000005,4.380832,200000,0,0,0,200000,1,1557906247,380717237937,0,0,17842572124,,525.3242566156025,False,,False,2
,133.396223,37.135372,36.304725,46.02123,51.01182,20000,10,21.7,13480,screen|consume|200000|2|10|0|512|true|1h|0s|168h|false|0|0|0|2,0,2,0,10,2,0,0,0,379393035385,0,949216,2031616,2580480,7602176,4194304,102,786432,786432,314192712,0,0,0,0,0,0,0,0,consume,16.7,1407244,604800000000000,0,3600000000000,True,512,False,1,screen,13480,5.441718000000001,4.463115,200000,0,0,0,200000,2,1345734922,379393035385,0,0,18024008056,,527.157805617186,False,,False,2
,134.229068,37.305957,36.472263,46.222495,51.478202,20000,10,22.6,13028,screen|consume|200000|2|10|0|512|true|1h|0s|168h|false|0|0|0|3,0,2,0,10,2,0,0,0,381073857507,0,895536,1875968,2629632,7602176,4194304,102,786432,786432,314200072,0,0,0,0,0,0,0,0,consume,16.5,1407404,604800000000000,0,3600000000000,True,512,False,1,screen,13028,5.264025,4.531573,200000,0,0,0,200000,3,1342190814,381073857507,0,0,17273336263,,524.832643489133,False,,False,2
,57.623607,37.815825,36.009647,46.991603,54.206499,400,50,10.5,11996,screen|consume|20000|2|50|0|512|true|1h|0s|168h|false|0|0|1|0,0,2,0,10,2,0,0,0,7786199017,0,686424,1638400,2842624,7864320,4194304,9,524288,524288,27478544,0,0,0,0,0,0,0,0,consume,16.2,1407564,604800000000000,0,3600000000000,True,512,False,1,screen,11996,0.133708,0.096938,20000,0,0,0,20000,0,1322064138,7786199017,0,0,2523453950,,2568.6474178649933,False,,True,2
,635.9546,39.438793,36.569919,51.192255,62.419114,4000,50,22.2,13076,screen|consume|200000|2|50|0|512|true|1h|0s|168h|false|0|0|0|1,0,2,0,10,2,0,0,0,81084575347,0,1553752,2482176,2621440,7667712,4194304,86,720896,720896,274480448,0,0,0,0,0,0,0,0,consume,16.5,1407724,604800000000000,0,3600000000000,True,512,False,1,screen,13076,1.2070850000000002,1.0538679999999998,200000,0,0,0,200000,1,1302283640,81084575347,0,0,17474563172,,2466.5603679134233,False,,False,2
,148.381146,38.796234,36.516818,50.348378,58.628938,4000,50,22.4,13156,screen|consume|200000|2|50|0|512|true|1h|0s|168h|false|0|0|0|2,0,2,0,10,2,0,0,0,79817329988,0,1086576,2015232,2695168,7733248,4194304,87,655360,655360,274479448,0,0,0,0,0,0,0,0,consume,16.8,1407884,604800000000000,0,3600000000000,True,512,False,1,screen,13212,1.2065510000000002,1.0753429999999997,200000,0,0,0,200000,2,1362021347,79817329988,0,0,17169262967,,2505.7215022109694,False,,False,2
,139.934408,38.824441,36.456048,50.622944,58.681503,4000,50,22.0,13160,screen|consume|200000|2|50|0|512|true|1h|0s|168h|false|0|0|0|3,0,2,0,10,2,0,0,0,79844441617,0,1095880,1949696,2539520,7634944,4194304,86,753664,753664,274494704,0,0,0,0,0,0,0,0,consume,17.0,1410604,604800000000000,0,3600000000000,True,512,False,1,screen,13160,1.198797,1.0678839999999998,200000,0,0,0,200000,3,1408893356,79844441617,0,0,17473635415,,2504.870670388873,False,,False,2
,145.23803,39.833866,36.057797,54.787657,96.988393,200,100,10.3,12312,screen|consume|20000|2|100|0|512|true|1h|0s|168h|false|0|0|1|0,0,2,0,10,2,0,0,0,4153495703,0,988224,1908736,2883584,7864320,4194304,9,524288,524288,26774408,0,0,0,0,0,0,0,0,consume,17.1,1410604,604800000000000,0,3600000000000,True,512,False,1,screen,12652,0.06818399999999997,0.067881,20000,0,0,0,20000,0,1361407975,4153495703,0,0,2660849117,,4815.221064404698,False,,True,2
,175.790519,42.186833,41.21139,55.311711,69.720084,2000,100,21.6,12972,screen|consume|200000|2|100|0|512|true|1h|0s|168h|false|0|0|0|1,0,2,0,10,2,0,0,0,43663564058,0,2015728,2957312,2572288,7634944,4194304,86,753664,753664,267248904,0,0,0,0,0,0,0,0,consume,17.3,1410764,604800000000000,0,3600000000000,True,512,False,1,screen,13052,0.6994190000000002,0.637831,200000,0,0,0,200000,1,1435037414,43663564058,0,0,17776282778,,4580.478124376936,False,,False,2
,150.926032,42.250418,41.215786,55.158189,76.357171,2000,100,21.1,13216,screen|consume|200000|2|100|0|512|true|1h|0s|168h|false|0|0|0|2,0,2,0,10,2,0,0,0,43846599161,0,1709736,2695168,2564096,7700480,4194304,86,688128,688128,267247688,0,0,0,0,0,0,0,0,consume,17.6,1410924,604800000000000,0,3600000000000,True,512,False,1,screen,13448,0.6674609999999999,0.6603169999999998,200000,0,0,0,200000,2,2065430182,43846599161,0,0,17505204131,,4561.357182243975,False,,False,2
,650.087375,43.129169,41.04117,55.678096,97.759726,2000,100,21.4,13140,screen|consume|200000|2|100|0|512|true|1h|0s|168h|false|0|0|0|3,0,2,0,10,2,0,0,0,44774183225,0,3357224,4218880,2686976,7634944,4194304,86,753664,753664,267249088,0,0,0,0,0,0,0,0,consume,17.9,1411084,604800000000000,0,3600000000000,True,512,False,1,screen,13140,0.6445029999999998,0.6980369999999998,200000,0,0,0,200000,3,1514953163,44774183225,0,0,18105702724,,4466.859819529404,False,,False,2
,181.430995,60.315282,53.549681,105.287163,163.148634,100,200,10.0,12108,screen|consume|20000|2|200|0|512|true|1h|0s|168h|false|0|0|1|0,0,2,0,10,2,0,0,0,3157635423,0,1614464,2441216,2883584,7831552,4194304,9,557056,557056,26447096,0,0,0,0,0,0,0,0,consume,18.0,1411084,604800000000000,0,3600000000000,True,512,False,1,screen,12588,0.04692400000000002,0.04403399999999999,20000,0,0,0,20000,0,1534779110,3157635423,0,0,2446502795,,6333.8534443594635,False,,True,2
,124.186937,46.336893,45.480411,58.109211,88.886178,1000,200,22.0,12680,screen|consume|200000|2|200|0|512|true|1h|0s|168h|false|0|0|0|1,0,2,0,10,2,0,0,0,24227667528,0,2155912,3072000,2195456,7634944,4194304,90,753664,753664,263852576,0,0,0,0,0,0,0,0,consume,18.2,1411724,604800000000000,0,3600000000000,True,512,False,1,screen,12924,0.3458730000000001,0.49293600000000004,200000,0,0,0,200000,1,1446482290,24227667528,0,0,17517328587,,8255.024953139187,False,,False,2
,149.207885,47.128616,45.578783,60.160117,108.287422,1000,200,20.7,13056,screen|consume|200000|2|200|0|512|true|1h|0s|168h|false|0|0|0|2,0,2,0,10,2,0,0,0,24671728126,0,2720752,3579904,2736128,7700480,4194304,89,688128,688128,263853304,0,0,0,0,0,0,0,0,consume,18.5,1412524,604800000000000,0,3600000000000,True,512,False,1,screen,13216,0.3694510000000002,0.47874000000000017,200000,0,0,0,200000,2,2187716563,24671728126,0,0,18224672971,,8106.444711881873,False,,False,2
,469.636253,47.896581,45.751336,61.206437,97.498461,1000,200,20.3,13148,screen|consume|200000|2|200|0|512|true|1h|0s|168h|false|0|0|0|3,0,2,0,10,2,0,0,0,25011982716,0,3418344,4349952,2711552,7733248,4194304,89,655360,655360,263865640,0,0,0,0,0,0,0,0,consume,18.7,1412684,604800000000000,0,3600000000000,True,512,False,1,screen,13232,0.39017199999999974,0.44747899999999996,200000,0,0,0,200000,3,2520809760,25011982716,0,0,17896996476,,7996.167367893683,False,,False,2
,180.163625,42.036101,37.026596,58.967331,115.429957,2001,10,7.3,13292,screen|consume|20000|4|10|0|512|true|1h|0s|168h|false|0|0|1|0,0,3,0,12,3,0,0,0,21663417821,0,2229176,3424256,2138112,7569408,4194304,11,819200,819200,31545344,0,0,0,0,0,0,0,0,consume,18.7,1413804,604800000000000,0,3600000000000,True,512,False,1,screen,13452,0.447687,0.363235,20000,0,0,0,20000,0,2716887343,21663417821,0,0,2793905801,,923.2153561942787,False,,True,4
,180.325257,39.718552,36.770985,52.075485,60.187684,20000,10,21.5,13336,screen|consume|200000|4|10|0|512|true|1h|0s|168h|false|0|0|0|1,0,3,0,12,3,0,0,0,203630857551,0,2180400,3334144,2080768,7438336,4194304,112,950272,950272,314298840,0,0,0,0,0,0,0,0,consume,19.0,1417004,604800000000000,0,3600000000000,True,512,False,1,screen,13336,4.463096,3.7328099999999997,200000,0,0,0,200000,1,1650718669,203630857551,0,0,17687357394,,982.1694138370427,False,,False,4
,531.133164,40.009055,36.930576,52.710952,62.261995,20000,10,22.4,13344,screen|consume|200000|4|10|0|512|true|1h|0s|168h|false|0|0|0|2,0,4,0,12,4,0,0,0,204920069704,0,853816,1843200,2433024,7405568,4194304,112,983040,983040,314287368,0,0,0,0,0,0,0,0,consume,19.3,1417004,604800000000000,0,3600000000000,True,512,False,1,screen,13436,4.478424,3.7308280000000003,200000,0,0,0,200000,2,1306547923,204920069704,0,0,17160625801,,975.9902985046468,False,,False,4
,162.625683,39.820859,36.820248,52.864392,60.889582,20001,10,22.6,13584,screen|consume|200000|4|10|0|512|true|1h|0s|168h|false|0|0|0|3,0,3,0,12,3,0,0,0,204047513819,0,1800992,2981888,2203648,7372800,4194304,112,1015808,1015808,314304904,0,0,0,0,0,0,0,0,consume,19.5,1417484,604800000000000,0,3600000000000,True,512,False,1,screen,13584,4.408447000000001,3.75326,200000,0,0,0,200000,3,1346031954,204047513819,0,0,17450578196,,980.1638660366608,False,,False,4
,108.810655,41.442402,38.403165,54.542148,67.295764,401,50,10.5,12416,screen|consume|20000|4|50|0|512|true|1h|0s|168h|false|0|0|1|0,0,2,0,12,2,0,0,0,4321097508,0,1438152,2670592,2449408,7733248,4194304,10,655360,655360,27566192,0,0,0,0,0,0,0,0,consume,19.5,1417644,604800000000000,0,3600000000000,True,512,False,1,screen,12736,0.10655900000000001,0.09993099999999999,20000,0,0,0,20000,0,1275831725,4321097508,0,0,2496241230,,4628.453758095569,False,,True,4
,147.863882,44.631455,43.04942,63.928859,80.434436,4000,50,22.0,12972,screen|consume|200000|4|50|0|512|true|1h|0s|168h|false|0|0|0|1,0,2,0,12,2,0,0,0,46414034154,0,1788320,2949120,2342912,7471104,4194304,99,917504,917504,274766272,0,0,0,0,0,0,0,0,consume,19.8,1417644,604800000000000,0,3600000000000,True,512,False,1,screen,13212,1.080304,0.9344880000000002,200000,0,0,0,200000,1,1371835500,46414034154,0,0,17648928092,,4309.041513961221,False,,False,4
,563.879786,45.021706,42.877131,64.135684,94.041755,4000,50,21.9,13456,screen|consume|200000|4|50|0|512|true|1h|0s|168h|false|0|0|0|2,0,4,0,12,4,0,0,0,46831105700,0,3345792,4423680,2244608,7471104,4194304,97,917504,917504,274763048,0,0,0,0,0,0,0,0,consume,20.1,1417804,604800000000000,0,3600000000000,True,512,False,1,screen,13616,1.03484,0.9797250000000002,200000,0,0,0,200000,2,1594656612,46831105700,0,0,17782521915,,4270.6657682011555,False,,False,4
,167.220558,44.251119,42.961938,62.578545,80.014058,4000,50,21.3,13308,screen|consume|200000|4|50|0|512|true|1h|0s|168h|false|0|0|0|3,0,4,0,12,4,0,0,0,46071003122,0,2325600,3391488,2121728,7438336,4194304,99,950272,950272,274771152,0,0,0,0,0,0,0,0,consume,20.4,1420364,604800000000000,0,3600000000000,True,512,False,1,screen,13360,0.9945119999999998,1.0350840000000001,200000,0,0,0,200000,3,1981042382,46071003122,0,0,17846665285,,4341.125359705816,False,,False,4
,126.00401,49.109208,46.489088,70.65602,115.445962,201,100,10.2,12248,screen|consume|20000|4|100|0|512|true|1h|0s|168h|false|0|0|1|0,0,3,0,12,3,0,0,0,2603602505,0,726120,1802240,2703360,7766016,4194304,10,622592,622592,26850280,0,0,0,0,0,0,0,0,consume,20.5,1420364,604800000000000,0,3600000000000,True,512,False,1,screen,12408,0.05302800000000002,0.078982,20000,0,0,0,20000,0,1669715062,2603602505,0,0,2422574894,,7681.6641409707045,False,,True,4
,148.522982,51.491321,49.079937,70.755141,93.833476,2000,100,21.5,12888,screen|consume|200000|4|100|0|512|true|1h|0s|168h|false|0|0|0|1,0,4,0,12,4,0,0,0,27007019786,0,3193328,4456448,2080768,7503872,4194304,101,884736,884736,267437616,0,0,0,0,0,0,0,0,consume,20.8,1426604,604800000000000,0,3600000000000,True,512,False,1,screen,13324,0.588381,0.6727950000000003,200000,0,0,0,200000,1,1573596024,27007019786,0,0,17813991451,,7405.482040772108,False,,False,4
,187.320649,52.180788,50.195493,72.413023,105.402674,2002,100,19.8,13616,screen|consume|200000|4|100|0|512|true|1h|0s|168h|false|0|0|0|2,0,2,0,12,2,0,0,0,27512635972,0,1214328,2531328,6504448,11698176,4194304,103,884736,884736,267433416,0,0,0,0,0,0,0,0,consume,21.0,1430924,604800000000000,0,3600000000000,True,512,False,1,screen,13916,0.5773810000000004,0.6861549999999998,200000,0,0,0,200000,2,2465890034,27512635972,0,0,18732373953,,7269.387062858785,False,,False,4
,148.978604,52.756117,50.528463,74.22389,115.055265,2000,100,20.5,13584,screen|consume|200000|4|100|0|512|true|1h|0s|168h|false|0|0|0|3,0,4,0,12,4,0,0,0,27792971346,0,2799120,3989504,2195456,7438336,4194304,101,950272,950272,267441184,0,0,0,0,0,0,0,0,consume,21.3,1431084,604800000000000,0,3600000000000,True,512,False,1,screen,14004,0.58176,0.677006,200000,0,0,0,200000,3,2827945754,27792971346,0,0,17663896138,,7196.063979995584,False,,False,4
,154.673505,69.862702,65.375364,99.776,119.083686,100,200,8.2,12264,screen|consume|20000|4|200|0|512|true|1h|0s|168h|false|0|0|1|0,0,4,0,12,4,0,0,0,1850249875,0,768952,1720320,2850816,7798784,4194304,11,589824,589824,26555272,0,0,0,0,0,0,0,0,consume,21.3,1431084,604800000000000,0,3600000000000,True,512,False,1,screen,12584,0.04513499999999998,0.04328199999999999,20000,0,0,0,20000,0,2489786329,1850249875,0,0,2414485462,,10809.350818088828,False,,True,4
,441.665826,58.422714,54.266588,77.669543,129.063205,1001,200,22.0,12592,screen|consume|200000|4|200|0|512|true|1h|0s|168h|false|0|0|0|1,0,3,0,12,3,0,0,0,15639944090,0,1802576,2883584,2351104,7634944,4194304,106,753664,753664,264075640,0,0,0,0,0,0,0,0,consume,21.6,1431564,604800000000000,0,3600000000000,True,512,False,1,screen,12888,0.38621300000000014,0.44722099999999987,200000,0,0,0,200000,1,1506822699,15639944090,0,0,17725490748,,12787.769498989303,False,,False,4
,139.56899,57.057578,56.513089,75.89637,101.470195,1000,200,19.4,13056,screen|consume|200000|4|200|0|512|true|1h|0s|168h|false|0|0|0|2,0,4,0,12,4,0,0,0,15266021684,0,1492696,2539520,2523136,7569408,4194304,107,819200,819200,264120552,0,0,0,0,0,0,0,0,consume,21.8,1431724,604800000000000,0,3600000000000,True,512,False,1,screen,13264,0.3396359999999996,0.4924280000000001,200000,0,0,0,200000,2,2848645772,15266021684,0,0,18435193911,,13100.990168880466,False,,False,4
,138.703782,56.878435,54.847567,78.704154,111.133287,1000,200,20.3,13532,screen|consume|200000|4|200|0|512|true|1h|0s|168h|false|0|0|0|3,0,2,0,12,2,0,0,0,15196793960,0,3251808,4358144,2416640,7569408,4194304,107,819200,819200,264050752,0,0,0,0,0,0,0,0,consume,22.1,1431724,604800000000000,0,3600000000000,True,512,False,1,screen,13852,0.3747180000000001,0.46782400000000024,200000,0,0,0,200000,3,2293909383,15196793960,0,0,18489986392,,13160.670633978905,False,,False,4
,171.33836,44.148129,42.149915,64.191401,97.602565,2001,10,7.0,13020,screen|consume|20000|8|10|0|512|true|1h|0s|168h|false|0|0|1|0,0,4,0,16,4,0,0,0,11414105373,0,2511064,4153344,1843200,7307264,4194304,14,1081344,1081344,31677872,0,0,0,0,0,0,0,0,consume,22.1,1433964,604800000000000,0,3600000000000,True,512,False,1,screen,13340,0.359341,0.33015100000000003,20000,0,0,0,20000,0,3124783077,11414105373,0,0,2802584108,,1752.2179221605825,False,,True,8
,280.637735,42.06844,37.586839,57.764957,89.893949,20000,10,20.6,13656,screen|consume|200000|8|10|0|512|true|1h|0s|168h|false|0|0|0|1,0,8,0,16,8,0,0,0,108961253754,0,2067344,3792896,5939200,11108352,4194304,147,1474560,1474560,314812120,0,0,0,0,0,0,0,0,consume,22.6,1434284,604800000000000,0,3600000000000,True,512,False,1,screen,13764,3.5706599999999997,3.2559880000000003,200000,0,0,0,200000,1,1513209372,108961253754,0,0,18761336604,,1835.5148560564166,False,,False,8
,148.904551,41.656019,37.970492,57.069475,74.191857,20000,10,22.3,13832,screen|consume|200000|8|10|0|512|true|1h|0s|168h|false|0|0|0|2,0,8,0,16,8,0,0,0,107620078783,0,1423568,3334144,5693440,11141120,4194304,148,1441792,1441792,314756280,0,0,0,0,0,0,0,0,consume,23.1,1434444,604800000000000,0,3600000000000,True,512,False,1,screen,14196,3.462004,3.36785,200000,0,0,0,200000,2,1465390289,107620078783,0,0,17377123246,,1858.3892732811548,False,,False,8
,501.029658,41.781225,38.437214,56.660156,73.538167,20001,10,22.0,13824,screen|consume|200000|8|10|0|512|true|1h|0s|168h|false|0|0|0|3,0,2,0,16,2,0,0,0,107837773305,0,809992,1761280,6045696,11075584,4194304,149,1507328,1507328,314768664,0,0,0,0,0,0,0,0,consume,23.6,1437164,604800000000000,0,3600000000000,True,512,False,1,screen,14016,3.578802,3.2486630000000005,200000,0,0,0,200000,3,1426657999,107837773305,0,0,17600365309,,1854.6377013399147,False,,False,8
,116.817295,42.804697,42.296482,56.473639,86.236121,405,50,11.0,12864,screen|consume|20000|8|50|0|512|true|1h|0s|168h|false|0|0|1|0,0,2,0,16,2,0,0,0,2333191415,0,2373616,3973120,2408448,7569408,4194304,12,819200,819200,27712328,0,0,0,0,0,0,0,0,consume,23.6,1437324,604800000000000,0,3600000000000,True,512,False,1,screen,13184,0.100161,0.08856200000000003,20000,0,0,0,20000,0,1339683418,2333191415,0,0,2350122347,,8571.94993579213,False,,True,8
,178.019381,52.725536,49.974129,72.501788,112.233632,4000,50,21.9,13600,screen|consume|200000|8|50|0|512|true|1h|0s|168h|false|0|0|0|1,0,2,0,16,2,0,0,0,28018575496,0,2457240,3940352,6086656,11370496,4194304,127,1212416,1212416,275145272,0,0,0,0,0,0,0,0,consume,24.1,1437484,604800000000000,0,3600000000000,True,512,False,1,screen,13992,0.9171640000000001,0.9922270000000002,200000,0,0,0,200000,1,1446898763,28018575496,0,0,17599542855,,7138.121637502681,False,,False,8
,182.646326,52.998155,49.508791,74.737438,128.628792,4004,50,21.2,13836,screen|consume|200000|8|50|0|512|true|1h|0s|168h|false|0|0|0|2,0,4,0,16,4,0,0,0,28304591616,0,932944,2572288,6004736,11370496,4194304,131,1212416,1212416,275315664,0,0,0,0,0,0,0,0,consume,24.5,1440524,604800000000000,0,3600000000000,True,512,False,1,screen,13964,0.9449439999999996,0.9741029999999999,200000,0,0,0,200000,2,1979592517,28304591616,0,0,17738626179,,7065.991366819231,False,,False,8
,167.482967,53.79623,51.787315,71.74539,108.679502,4002,50,20.6,13448,screen|consume|200000|8|50|0|512|true|1h|0s|168h|false|0|0|0|3,0,6,0,16,6,0,0,0,28804043845,0,773312,2195456,6340608,11337728,4194304,127,1245184,1245184,275210624,0,0,0,0,0,0,0,0,consume,24.9,1443244,604800000000000,0,3600000000000,True,512,False,1,screen,13704,0.918501,0.9906839999999999,200000,0,0,0,200000,3,2437212126,28804043845,0,0,18182464707,,6943.469502971103,False,,False,8
,167.957009,57.630349,51.814864,125.011003,149.899569,200,100,8.6,12260,screen|consume|20000|8|100|0|512|true|1h|0s|168h|false|0|0|1|0,0,8,0,16,8,0,0,0,1580622518,0,626344,1998848,5750784,11599872,4194304,13,983040,983040,27019360,0,0,0,0,0,0,0,0,consume,24.9,1443404,604800000000000,0,3600000000000,True,512,False,1,screen,12772,0.05215500000000001,0.07486400000000001,20000,0,0,0,20000,0,2129218869,1580622518,0,0,2873145893,,12653.242486578316,False,,True,8
,204.228497,57.55623,55.39341,79.255936,101.146518,2001,100,21.3,13716,screen|consume|200000|8|100|0|512|true|1h|0s|168h|false|0|0|0|1,0,2,0,16,2,0,0,0,15679075321,0,1539576,3301376,5578752,11370496,4194304,129,1212416,1212416,267801264,0,0,0,0,0,0,0,0,consume,25.2,1445644,604800000000000,0,3600000000000,True,512,False,1,screen,13876,0.506758,0.7325149999999998,200000,0,0,0,200000,1,1603270333,15679075321,0,0,18053551309,,12755.854277460296,False,,False,8
,632.811864,58.569504,55.003174,76.270363,101.787425,2000,100,20.2,13736,screen|consume|200000|8|100|0|512|true|1h|0s|168h|false|0|0|0|2,0,7,0,16,7,0,0,0,16158933818,0,2141400,3735552,6119424,11403264,4194304,129,1179648,1179648,267859360,0,0,0,0,0,0,0,0,consume,25.6,1445644,604800000000000,0,3600000000000,True,512,False,1,screen,14068,0.521061,0.718804,200000,0,0,0,200000,2,2188680692,16158933818,0,0,18705197174,,12377.054219828105,False,,False,8
,253.950431,59.774873,57.085322,83.877376,152.032029,2002,100,19.0,13308,screen|consume|200000|8|100|0|512|true|1h|0s|168h|false|0|0|0|3,0,4,0,16,4,0,0,0,16213448047,0,1358624,2990080,5464064,11370496,4194304,132,1212416,1212416,267881800,0,0,0,0,0,0,0,0,consume,25.9,1446764,604800000000000,0,3600000000000,True,512,False,1,screen,13904,0.5337990000000001,0.720942,200000,0,0,0,200000,3,3060152082,16213448047,0,0,18995907525,,12335.439039261382,False,,False,8
,428.199205,98.809657,80.083994,172.643502,412.286602,100,200,8.0,12224,screen|consume|20000|8|200|0|512|true|1h|0s|168h|false|0|0|1|0,0,6,0,16,6,0,0,0,1382371403,0,2348872,3596288,2424832,7667712,4194304,13,720896,720896,26759288,0,0,0,0,0,0,0,0,consume,25.9,1446764,604800000000000,0,3600000000000,True,512,False,1,screen,12948,0.03803099999999998,0.05591199999999999,20000,0,0,0,20000,0,2410724380,1382371403,0,0,2806077340,,14467.891882453821,False,,True,8
,257.768654,66.59473,63.483763,92.640386,141.034202,1000,200,21.5,13696,screen|consume|200000|8|200|0|512|true|1h|0s|168h|false|0|0|0|1,0,8,0,16,8,0,0,0,9262672529,0,859800,2162688,6324224,11468800,4194304,131,1114112,1114112,264544064,0,0,0,0,0,0,0,0,consume,26.2,1446924,604800000000000,0,3600000000000,True,512,False,1,screen,14100,0.36518300000000004,0.5023709999999999,200000,0,0,0,200000,1,1414954348,9262672529,0,0,17976858313,,21592.040458499512,False,,False,8
,398.314408,68.598533,64.254685,94.055952,246.736993,1000,200,18.9,13356,screen|consume|200000|8|200|0|512|true|1h|0s|168h|false|0|0|0|2,0,4,0,16,4,0,0,0,9495551060,0,2634536,3850240,2121728,7274496,4194304,124,1114112,1114112,264360128,0,0,0,0,0,0,0,0,consume,26.5,1446924,604800000000000,0,3600000000000,True,512,False,1,screen,13628,0.32467500000000005,0.535898,200000,0,0,0,200000,2,2719219788,9495551060,0,0,19404209423,,21062.495345056886,False,,False,8
,222.288142,67.525275,62.666486,108.361076,201.453027,1000,200,19.1,13328,screen|consume|200000|8|200|0|512|true|1h|0s|168h|false|0|0|0|3,0,1,0,16,1,0,0,0,9408166530,0,2608896,3940352,6307840,11468800,4194304,128,1114112,1114112,264358896,0,0,0,0,0,0,0,0,consume,26.8,1446924,604800000000000,0,3600000000000,True,512,False,1,screen,13708,0.29854199999999986,0.573998,200000,0,0,0,200000,3,3039178219,9408166530,0,0,18657579364,,21258.12711353016,False,,False,8
,215.415251,57.12021,45.293535,147.389358,206.72507,2000,10,8.0,15368,screen|consume|20000|16|10|0|512|true|1h|0s|168h|false|0|0|1|0,0,10,0,24,10,0,0,0,7910645621,0,1498240,3923968,3858432,10715136,4194304,33,1867776,1867776,32155776,0,0,0,0,0,0,0,0,consume,26.9,1485324,604800000000000,0,3600000000000,True,512,False,1,screen,15812,0.34405,0.335863,20000,0,0,0,20000,0,2959036757,7910645621,0,0,3116674359,,2528.2386493091017,False,,True,16
,655.705284,45.170587,41.151709,69.073516,137.744452,20003,10,20.7,16240,screen|consume|200000|16|10|0|512|true|1h|0s|168h|false|0|0|0|1,0,6,0,24,6,0,0,0,61047277538,0,1589776,4038656,7839744,14680064,4194304,433,2097152,2097152,318073400,0,0,0,0,0,0,0,0,consume,28.1,1489164,604800000000000,0,3600000000000,True,512,False,1,screen,16552,3.384083,3.516739,200000,0,0,0,200000,1,1560966858,61047277538,0,0,18646972663,,3276.1493725171663,False,,False,16
,235.673932,44.861235,42.003502,66.330368,128.956124,20000,10,21.9,16460,screen|consume|200000|16|10|0|512|true|1h|0s|168h|false|0|0|0|2,0,16,0,24,16,0,0,0,60888399612,0,1836440,4431872,3891200,10485760,4194304,416,2097152,2097152,317967504,0,0,0,0,0,0,0,0,consume,29.3,1490444,604800000000000,0,3600000000000,True,512,False,1,screen,16628,3.168059,3.668717,200000,0,0,0,200000,2,1519996450,60888399612,0,0,17694045117,,3284.697927264681,False,,False,16
,251.335008,44.787995,41.702023,68.738489,130.160477,20002,10,21.7,16616,screen|consume|200000|16|10|0|512|true|1h|0s|168h|false|0|0|0|3,0,4,0,24,4,0,0,0,60923714751,0,1323080,3391488,4014080,10420224,4194304,436,2162688,2162688,318029336,0,0,0,0,0,0,0,0,consume,30.4,1490444,604800000000000,0,3600000000000,True,512,False,1,screen,16780,3.3831180000000005,3.506307,200000,0,0,0,200000,3,1469375633,60923714751,0,0,17634248916,,3282.793913953141,False,,False,16
,160.754257,51.992703,47.543271,69.009777,160.584357,403,50,11.3,13708,screen|consume|20000|16|50|0|512|true|1h|0s|168h|false|0|0|1|0,0,13,0,24,13,0,0,0,1566678952,0,893800,2727936,6217728,11042816,4194304,23,1540096,1540096,28080440,0,0,0,0,0,0,0,0,consume,30.5,1493484,604800000000000,0,3600000000000,True,512,False,1,screen,15268,0.08732800000000002,0.12155400000000002,20000,0,0,0,20000,0,1433737621,1566678952,0,0,2482849649,,12765.85734075784,False,,True,16
,154.312648,58.497889,56.874444,79.69818,119.672113,4001,50,21.5,14560,screen|consume|200000|16|50|0|512|true|1h|0s|168h|false|0|0|0|1,0,9,0,24,9,0,0,0,17011657425,0,2323648,4096000,5120000,10485760,4194304,235,2097152,2097152,276376896,0,0,0,0,0,0,0,0,consume,31.2,1496044,604800000000000,0,3600000000000,True,512,False,1,screen,15280,0.837818,1.2358040000000001,200000,0,0,0,200000,1,1579253797,17011657425,0,0,18005800168,,11756.6439884972,False,,False,16
,194.741367,60.542726,57.698057,91.815042,153.753259,4010,50,20.4,14980,screen|consume|200000|16|50|0|512|true|1h|0s|168h|false|0|0|0|2,0,6,0,24,6,0,0,0,17839093912,0,1277448,3579904,5439488,10682368,4194304,236,1900544,1900544,276415880,0,0,0,0,0,0,0,0,consume,32.0,1496204,604800000000000,0,3600000000000,True,512,False,1,screen,15132,0.8544239999999999,1.2267810000000001,200000,0,0,0,200000,2,2621368382,17839093912,0,0,17493727962,,11211.33175185899,False,,False,16
,695.490823,61.652926,56.60713,93.195804,210.471238,4001,50,20.0,15240,screen|consume|200000|16|50|0|512|true|1h|0s|168h|false|0|0|0|3,0,16,0,24,16,0,0,0,17901984386,0,995768,2637824,8617984,14745600,4194304,235,2031616,2031616,276375152,0,0,0,0,0,0,0,0,consume,32.7,1496204,604800000000000,0,3600000000000,True,512,False,1,screen,15880,0.869612,1.188454,200000,0,0,0,200000,3,2471747651,17901984386,0,0,18369062365,,11171.945840619057,False,,False,16
,129.937289,60.141445,51.478144,122.843866,126.459515,202,100,7.8,12752,screen|consume|20000|16|100|0|512|true|1h|0s|168h|false|0|0|1|0,0,3,0,24,3,0,0,0,929073672,0,2517920,4710400,5160960,11370496,4194304,15,1212416,1212416,27144368,0,0,0,0,0,0,0,0,consume,32.7,1498924,604800000000000,0,3600000000000,True,512,False,1,screen,13868,0.04615400000000003,0.082819,20000,0,0,0,20000,0,3352130776,929073672,0,0,2647707120,,21526.81816604098,False,,True,16
,380.945069,68.911633,64.867496,97.964655,203.303651,2001,100,21.1,14072,screen|consume|200000|16|100|0|512|true|1h|0s|168h|false|0|0|0|1,0,14,0,24,14,0,0,0,10356653376,0,1848512,3547136,5529600,10878976,4194304,174,1703936,1703936,268662960,0,0,0,0,0,0,0,0,consume,33.2,1499884,604800000000000,0,3600000000000,True,512,False,1,screen,14948,0.5343749999999998,0.7699230000000001,200000,0,0,0,200000,1,1543557793,10356653376,0,0,18401776021,,19311.257482409343,False,,False,16
,287.569201,68.489969,64.94895,101.542474,139.17569,2002,100,20.4,15184,screen|consume|200000|16|100|0|512|true|1h|0s|168h|false|0|0|0|2,0,4,0,24,4,0,0,0,10178802442,0,2362256,4399104,8994816,14909440,4194304,181,1867776,1867776,268420224,0,0,0,0,0,0,0,0,consume,33.8,1500204,604800000000000,0,3600000000000,True,512,False,1,screen,15232,0.4751599999999998,0.8396780000000001,200000,0,0,0,200000,2,1968841416,10178802442,0,0,18672747986,,19648.676859544456,False,,False,16
,407.651568,71.009058,64.546165,100.524141,257.875794,2001,100,18.4,14532,screen|consume|200000|16|100|0|512|true|1h|0s|168h|false|0|0|0|3,0,12,0,24,12,0,0,0,10510305985,0,1744200,3760128,8404992,15040512,4194304,174,1736704,1736704,268431432,0,0,0,0,0,0,0,0,consume,34.3,1500204,604800000000000,0,3600000000000,True,512,False,1,screen,15404,0.47226100000000004,0.827046,200000,0,0,0,200000,3,4144200208,10510305985,0,0,19035977356,,19028.941715439505,False,,False,16
,241.82259,105.31691,103.881608,134.182248,241.747733,100,200,6.3,13816,screen|consume|20000|16|200|0|512|true|1h|0s|168h|false|0|0|1|0,0,6,0,24,6,0,0,0,748927050,0,4148384,6168576,7774208,15532032,6238338,13,1245184,1245184,26840736,0,0,0,0,0,0,0,0,consume,34.3,1502604,604800000000000,0,3600000000000,True,512,False,1,screen,15532,0.03589700000000001,0.06345300000000001,20000,0,0,0,20000,0,4209732767,748927050,0,0,2801579766,,26704.87065462517,False,,True,16
,238.742798,78.165044,75.064809,115.732951,180.577296,1000,200,20.8,16568,screen|consume|200000|16|200|0|512|true|1h|0s|168h|false|0|0|0|1,0,3,0,24,3,0,0,0,5927042633,0,3453632,5545984,6684672,15138816,6536450,137,1638400,1638400,264612456,0,0,0,0,0,0,0,0,consume,34.7,1503244,604800000000000,0,3600000000000,True,512,False,1,screen,17660,0.31050999999999984,0.6212650000000002,200000,0,0,0,200000,1,1667853914,5927042633,0,0,18532814678,,33743.641202521445,False,,False,16
,694.380037,86.187097,75.610436,112.175991,562.833046,1001,200,18.1,16076,screen|consume|200000|16|200|0|512|true|1h|0s|168h|false|0|0|0|2,0,6,0,24,6,0,0,0,6519216785,0,3373904,5365760,7929856,15040512,5218954,138,1736704,1736704,264892464,0,0,0,0,0,0,0,0,consume,35.1,1503404,604800000000000,0,3600000000000,True,512,False,1,screen,17484,0.3302590000000003,0.6120369999999999,200000,0,0,0,200000,2,4585171063,6519216785,0,0,18849574272,,30678.531884409484,False,,False,16
,330.521145,80.090156,76.251992,116.792215,203.006298,1008,200,19.2,16708,screen|consume|200000|16|200|0|512|true|1h|0s|168h|false|0|0|0|3,0,2,0,24,2,0,0,0,6197189647,0,2398656,5144576,7479296,15138816,4847786,137,1638400,1638400,265015264,0,0,0,0,0,0,0,0,consume,35.5,1503404,604800000000000,0,3600000000000,True,512,False,1,screen,17368,0.31351499999999977,0.6422560000000002,200000,0,0,0,200000,3,2640959451,6197189647,0,0,19176759936,,32272.693170979215,False,,False,16
,217.066795,107.524506,102.511662,141.360709,217.009555,100,200,7.1,12396,payload|consume|20000|16|200|0|128|true|1h|0s|168h|false|0|0|1|0,0,12,0,24,12,0,0,0,767059528,0,2427784,4276224,10051584,15663104,4194304,11,1114112,1114112,18376264,0,0,0,0,0,0,0,0,consume,35.5,1503404,604800000000000,0,3600000000000,True,128,False,1,payload,13176,0.024592999999999976,0.06259300000000001,20000,0,0,0,20000,0,3431985819,767059528,0,0,2440021456,,26073.595685783595,False,,True,16
,281.040877,71.914496,67.862984,117.720817,201.559465,1001,200,21.7,13984,payload|consume|200000|16|200|0|128|true|1h|0s|168h|false|0|0|0|1,0,4,0,24,4,0,0,0,5774072729,0,1356384,2859008,9125888,15106048,4194304,107,1605632,1605632,178273136,0,0,0,0,0,0,0,0,consume,35.9,1503564,604800000000000,0,3600000000000,True,128,False,1,payload,14640,0.273946,0.5082459999999998,200000,0,0,0,200000,1,1964153644,5774072729,0,0,17346443098,,34637.596266411696,False,,False,16
,636.251905,76.9701,65.276058,134.886161,549.945793,1000,200,21.3,15844,payload|consume|200000|16|200|0|128|true|1h|0s|168h|false|0|0|0|2,0,7,0,24,7,0,0,0,5883210773,0,1506160,3571712,5201920,10846208,4194304,108,1736704,1736704,178277496,0,0,0,0,0,0,0,0,consume,36.2,1517324,604800000000000,0,3600000000000,True,128,False,1,payload,15844,0.2559709999999997,0.5307750000000002,200000,0,0,0,200000,2,2683666810,5883210773,0,0,16771416282,,33995.042455025774,False,,False,16
,239.171283,73.075609,69.812443,112.881459,223.866465,1000,200,21.5,14584,payload|consume|200000|16|200|0|128|true|1h|0s|168h|false|0|0|0|3,0,9,0,24,9,0,0,0,5741456914,0,1913624,3465216,9011200,15073280,4194304,110,1605632,1605632,178486920,0,0,0,0,0,0,0,0,consume,36.6,1518604,604800000000000,0,3600000000000,True,128,False,1,payload,14780,0.28756299999999957,0.4972669999999999,200000,0,0,0,200000,3,2758410747,5741456914,0,0,16412703916,,34834.36399432327,False,,False,16
,580.59883,131.315459,103.978053,225.141871,580.411831,102,200,8.2,11596,payload|consume|20000|16|200|0|512|true|1h|0s|168h|false|0|0|1|0,0,10,0,24,10,0,0,0,971004050,0,4710528,6602752,3817472,11436032,6438010,13,1146880,1146880,27256016,0,0,0,0,0,0,0,0,consume,36.6,1518604,604800000000000,0,3600000000000,True,512,False,1,payload,15900,0.03378999999999999,0.06644699999999998,20000,0,0,0,20000,0,2541633949,971004050,0,0,2573163760,,20597.23643789127,False,,True,16
,772.056162,85.169814,75.641228,136.460288,257.319406,1000,200,21.1,16468,payload|consume|200000|16|200|0|512|true|1h|0s|168h|false|0|0|0|1,0,16,0,24,16,0,0,0,6411706236,0,3905080,5980160,7503872,14974976,6931426,135,1802240,1802240,265140312,0,0,0,0,0,0,0,0,consume,37.1,1518764,604800000000000,0,3600000000000,True,512,False,1,payload,16772,0.3233920000000001,0.610592,200000,0,0,0,200000,1,1950804417,6411706236,0,0,18148158680,,31192.945003789162,False,,False,16
,797.455961,89.988209,77.026357,128.337161,738.884726,1000,200,20.0,16228,payload|consume|200000|16|200|0|512|true|1h|0s|168h|false|0|0|0|2,0,13,0,24,13,0,0,0,6855792817,0,3015536,4702208,7766016,15040512,4194304,139,1736704,1736704,265405848,0,0,0,0,0,0,0,0,consume,37.4,1518924,604800000000000,0,3600000000000,True,512,False,1,payload,17408,0.34023000000000003,0.6153580000000001,200000,0,0,0,200000,2,2707436466,6855792817,0,0,18222637245,,29172.41015569622,False,,False,16
,452.393345,81.66449,76.988587,128.190199,211.732002,1006,200,19.9,16284,payload|consume|200000|16|200|0|512|true|1h|0s|168h|false|0|0|0|3,0,5,0,24,5,0,0,0,6227242371,0,2311688,3915776,7815168,14942208,4194304,135,1736704,1736704,264887656,0,0,0,0,0,0,0,0,consume,37.8,1519084,604800000000000,0,3600000000000,True,512,False,1,payload,17224,0.317539,0.6200010000000002,200000,0,0,0,200000,3,3343973011,6227242371,0,0,17934843330,,32116.944882600266,False,,False,16
,323.072004,178.42273,157.758976,318.320708,321.687196,100,200,8.8,40040,payload|consume|20000|16|200|0|4096|true|1h|0s|168h|false|0|0|1|0,0,3,0,24,3,0,0,0,1230693494,0,17921712,20299776,3080192,36601856,23581754,14,1146880,1146880,112660424,0,0,0,0,0,0,0,0,consume,37.9,1521644,604800000000000,0,3600000000000,True,4096,False,1,payload,40368,0.08498500000000003,0.11582599999999998,20000,0,0,0,20000,0,2168902136,1230693494,0,0,4235815718,,16251.000023568824,False,,True,16
,28966.3547,2510.447377,708.744936,10280.499517,21150.931063,1000,200,14.7,42628,payload|consume|200000|16|200|0|4096|true|1h|0s|168h|false|0|0|0|1,0,4,0,24,4,0,0,0,166339020492,0,18425768,20709376,16179200,40271872,33848754,106,1671168,1671168,1122311520,0,0,0,0,0,0,0,0,consume,38.0,1637644,604800000000000,0,3600000000000,True,4096,False,1,payload,43588,0.7430090000000003,1.0846200000000001,200000,0,0,0,200000,1,2332876470,166339020492,0,0,30426068627,,1202.3636991996048,False,,False,16
,18562.583586,2505.083949,865.387116,11191.474595,17624.008298,1000,200,12.7,42752,payload|consume|200000|16|200|0|4096|true|1h|0s|168h|false|0|0|0|2,0,5,0,24,5,0,0,0,165810892077,0,19640536,21905408,17440768,40239104,30385130,107,1703936,1703936,1122258344,0,0,0,0,0,0,0,0,consume,37.9,1638764,604800000000000,0,3600000000000,True,4096,False,1,payload,43328,0.7456709999999998,1.053861,200000,0,0,0,200000,2,7271979734,165810892077,0,0,31159039419,,1206.1933778579703,False,,False,16
,59220.146924,2303.23538,1005.29602,8974.820648,57510.602345,1000,200,14.0,43036,payload|consume|200000|16|200|0|4096|true|1h|0s|168h|false|0|0|0|3,0,6,0,24,6,0,0,0,160803046736,0,18519272,22216704,8347648,40370176,33832194,109,1572864,1572864,1122456616,0,0,0,0,0,0,0,0,consume,37.7,1641004,604800000000000,0,3600000000000,True,4096,False,1,payload,43036,0.7306870000000001,1.1144059999999998,200000,0,0,0,200000,3,2782892064,160803046736,0,0,31573328522,,1243.757528601756,False,,False,16
,143.615561,82.57038,79.143356,124.224078,127.505702,101,200,6.4,12172,payload|consume|20000|8|200|0|128|true|1h|0s|168h|false|0|0|1|0,0,8,0,16,8,0,0,0,1194218612,0,1040880,2449408,2572288,7667712,4194304,9,720896,720896,18244720,0,0,0,0,0,0,0,0,consume,37.5,1641004,604800000000000,0,3600000000000,True,128,False,1,payload,12928,0.02997099999999997,0.05107499999999998,20000,0,0,0,20000,0,3926815531,1194218612,0,0,2614428977,,16747.352452081865,False,,True,8
,169.701945,59.156768,56.441438,85.228526,132.436955,1004,200,22.6,13788,payload|consume|200000|8|200|0|128|true|1h|0s|168h|false|0|0|0|1,0,4,0,16,4,0,0,0,8356912788,0,1141584,2850816,5865472,11468800,4194304,81,1114112,1114112,177916472,0,0,0,0,0,0,0,0,consume,37.7,1641004,604800000000000,0,3600000000000,True,128,False,1,payload,13788,0.278826,0.45050900000000005,200000,0,0,0,200000,1,1567124676,8356912788,0,0,16473668113,,23932.282778777753,False,,False,8
,231.659306,59.436112,57.352143,88.625848,130.055486,1001,200,21.9,13764,payload|consume|200000|8|200|0|128|true|1h|0s|168h|false|0|0|0|2,0,4,0,16,4,0,0,0,8365673705,0,1323840,2834432,6389760,11403264,4194304,84,1179648,1179648,177953352,0,0,0,0,0,0,0,0,consume,37.9,1641004,604800000000000,0,3600000000000,True,128,False,1,payload,13976,0.3057150000000002,0.43022499999999986,200000,0,0,0,200000,2,2531833740,8365673705,0,0,16186427880,,23907.21979515695,False,,False,8
,183.628165,58.348983,55.194067,82.501857,128.321743,1000,200,22.1,13632,payload|consume|200000|8|200|0|128|true|1h|0s|168h|false|0|0|0|3,0,4,0,16,4,0,0,0,8182088892,0,1988608,3522560,6078464,11501568,4194304,81,1081344,1081344,177818368,0,0,0,0,0,0,0,0,consume,38.1,1642764,604800000000000,0,3600000000000,True,128,False,1,payload,13720,0.2948210000000002,0.4292879999999999,200000,0,0,0,200000,3,2201726884,8182088892,0,0,16283845195,,24443.635682759337,False,,False,8
,259.303171,93.983786,85.271988,150.578682,246.151883,101,200,7.0,12744,payload|consume|20000|8|200|0|512|true|1h|0s|168h|false|0|0|1|0,0,4,1,16,5,0,0,0,1399628016,0,2163560,3743744,5939200,11632640,4194304,13,950272,950272,26852496,0,0,0,0,0,0,0,0,consume,38.1,1642764,604800000000000,0,3600000000000,True,512,False,1,payload,13440,0.039700999999999986,0.057226,20000,0,0,0,20000,0,2743392007,1399628016,0,0,2949090919,,14289.511049627348,False,,True,8
,283.252773,68.208767,64.537501,103.675166,181.157849,1001,200,21.6,13144,payload|consume|200000|8|200|0|512|true|1h|0s|168h|false|0|0|0|1,0,4,0,16,4,0,0,0,9444680708,0,2401192,3891200,6438912,11436032,4194304,129,1146880,1146880,264527488,0,0,0,0,0,0,0,0,consume,38.3,1642764,604800000000000,0,3600000000000,True,512,False,1,payload,13464,0.3395760000000001,0.5436430000000001,200000,0,0,0,200000,1,1483016423,9444680708,0,0,18036058759,,21175.9408479095,False,,False,8
,298.653274,66.882296,63.579746,102.248459,128.176008,1000,200,20.0,13236,payload|consume|200000|8|200|0|512|true|1h|0s|168h|false|0|0|0|2,0,5,0,16,5,0,0,0,9488362486,0,2193720,3375104,6193152,11436032,4194304,131,1146880,1146880,264518360,0,0,0,0,0,0,0,0,consume,38.4,1642764,604800000000000,0,3600000000000,True,512,False,1,payload,13716,0.34016599999999997,0.523129,200000,0,0,0,200000,2,2502392572,9488362486,0,0,18752476129,,21078.45271458572,False,,False,8
,211.67642,67.338364,64.694397,98.745949,138.704254,1000,200,20.2,13328,payload|consume|200000|8|200|0|512|true|1h|0s|168h|false|0|0|0|3,0,8,0,16,8,0,0,0,9396863453,0,2770208,4210688,5275648,11370496,4194304,125,1212416,1212416,264499128,0,0,0,0,0,0,0,0,consume,38.6,1642924,604800000000000,0,3600000000000,True,512,False,1,payload,14052,0.3637309999999996,0.48968999999999996,200000,0,0,0,200000,3,2247928530,9396863453,0,0,18564213948,,21283.69758700164,False,,False,8
,712.638856,170.238221,118.50434,649.251239,712.635317,100,200,7.1,24112,payload|consume|20000|8|200|0|4096|true|1h|0s|168h|false|0|0|1|0,0,3,0,16,3,0,0,0,2268957512,0,10040104,11616256,6594560,24215552,17581418,22,950272,950272,112507304,0,0,0,0,0,0,0,0,consume,38.6,1642924,604800000000000,0,3600000000000,True,4096,False,1,payload,25240,0.06614399999999998,0.12262299999999998,20000,0,0,0,20000,0,2537510621,2268957512,0,0,4049040466,,8814.620764921578,False,,True,8
,25692.964607,1226.430502,115.991471,7250.759884,15846.163578,1000,200,14.4,25908,payload|consume|200000|8|200|0|4096|true|1h|0s|168h|false|0|0|0|1,0,8,0,16,8,0,0,0,166180886798,0,11631808,13410304,10362880,23986176,14322666,200,1179648,1179648,1122470168,0,0,0,0,0,0,0,0,consume,38.7,1643084,604800000000000,0,3600000000000,True,4096,False,1,payload,25908,0.7310669999999999,1.07625,200000,0,0,0,200000,1,2737261845,166180886798,0,0,30830124154,,1203.5078392806304,False,,False,8
,16151.643323,1285.262233,122.96067,9212.629538,13141.932529,1000,200,13.4,26012,payload|consume|200000|8|200|0|4096|true|1h|0s|168h|false|0|0|0|2,0,8,0,16,8,0,0,0,170292162932,0,10558792,12165120,8560640,24084480,12588346,201,1081344,1081344,1122445224,0,0,0,0,0,0,0,0,consume,38.4,1643084,604800000000000,0,3600000000000,True,4096,False,1,payload,26012,0.7472799999999999,1.0444769999999997,200000,0,0,0,200000,2,5059517466,170292162932,0,0,30503930404,,1174.4521683000924,False,,False,8
,14681.240565,1310.221683,111.735632,8243.812554,12823.668054,1000,200,12.3,25968,payload|consume|200000|8|200|0|4096|true|1h|0s|168h|false|0|0|0|3,0,4,0,16,4,0,0,0,171709419053,0,9013832,10600448,10854400,24018944,17386850,198,1146880,1146880,1122358080,0,0,0,0,0,0,0,0,consume,38.1,1643244,604800000000000,0,3600000000000,True,4096,False,1,payload,25968,0.7214930000000002,1.0731720000000002,200000,0,0,0,200000,3,7803737623,171709419053,0,0,31379422363,,1164.758468714333,False,,False,8
,716.683074,324.525064,278.329879,688.370523,715.703911,103,200,5.1,119956,payload_large|consume|20000|16|200|0|16384|true|1h|0s|168h|false|0|0|1|0,0,8,0,24,8,0,0,0,2256801937,0,69137776,71557120,19628032,116195328,102642850,13,1245184,1245184,384738864,0,0,0,0,0,0,0,0,consume,37.8,1643244,604800000000000,0,3600000000000,True,16384,False,1,payload_large,119956,0.18796499999999994,0.21919300000000003,20000,0,0,0,20000,0,6545727695,2256801937,0,0,9212041296,,8862.098030005369,False,,True,16
,424.067236,262.068093,244.046444,420.355811,424.027136,101,200,8.1,123152,payload_large|consume|20000|16|200|0|16384|true|1h|0s|168h|false|0|0|0|1,0,14,0,24,14,0,0,0,1854213817,0,84522808,86786048,2170880,120389632,108681978,12,1245184,1245184,384871568,0,0,0,0,0,0,0,0,consume,38.0,1643244,604800000000000,0,3600000000000,True,16384,False,1,payload_large,123152,0.18231100000000006,0.231884,20000,0,0,0,20000,1,1589179895,1854213817,0,0,8809071159,,10786.242566328585,False,,False,16
,407.35403,263.65728,255.201083,403.292181,406.834174,101,200,7.5,105444,payload_large|consume|20000|16|200|0|16384|true|1h|0s|168h|false|0|0|0|2,0,12,0,24,12,0,0,0,1848302947,0,99975056,102088704,18169856,120520704,105521274,12,1114112,1114112,384809360,0,0,0,0,0,0,0,0,consume,38.2,1643244,604800000000000,0,3600000000000,True,16384,False,1,payload_large,123840,0.20407500000000006,0.189005,20000,0,0,0,20000,2,1650276995,1848302947,0,0,9163452019,,10820.73695357258,False,,False,16
,433.137976,273.20001,300.561805,380.307968,430.165664,107,200,7.3,114536,payload_large|consume|20000|16|200|0|16384|true|1h|0s|168h|false|0|0|0|3,0,16,0,24,16,0,0,0,2023476823,0,77174184,79609856,16703488,124616704,102691330,13,1212416,1212416,385114056,0,0,0,0,0,0,0,0,consume,38.4,1643244,604800000000000,0,3600000000000,True,16384,False,1,payload_large,125428,0.18282200000000004,0.21098899999999998,20000,0,0,0,20000,3,1692080574,2023476823,0,0,9634545151,,9883.977801311341,False,,False,16
,35674.02976,8616.404773,3154.396159,31016.358268,35524.033616,103,200,3.7,865452,payload_large|consume|20000|16|200|0|131072|true|1h|0s|168h|false|0|0|1|0,0,6,0,24,6,0,0,0,106892485808,0,397936136,400326656,217661440,879624192,585745970,15,1179648,1179648,2806184928,0,0,0,0,0,0,0,0,consume,38.5,1644844,604800000000000,0,3600000000000,True,131072,False,1,payload_large,865612,1.027672,0.7019169999999999,20000,0,0,0,20000,0,2112610569,106892485808,0,0,317424338337,,187.1038908752103,False,,True,16
,22586.257915,9330.61616,5119.017497,21756.89338,22259.978815,100,200,3.9,847148,payload_large|consume|20000|16|200|0|131072|true|1h|0s|168h|false|0|0|0|1,0,7,0,24,7,0,0,0,107201733343,0,510873752,512696320,237592576,862814208,588796994,17,1212416,1212416,2807224944,0,0,0,0,0,0,0,0,consume,37.5,1646280,604800000000000,0,3600000000000,True,131072,False,1,payload_large,847308,1.243945,0.6967979999999999,20000,0,0,0,20000,1,1528620545,107201733343,0,0,318885250367,,186.56414757780544,False,,False,16
,29799.374032,6411.541647,3620.847315,18723.57104,29602.914408,101,200,3.4,758832,payload_large|consume|20000|16|200|0|131072|true|1h|0s|168h|false|0|0|0|2,0,16,0,24,16,0,0,0,99459586957,0,451885544,453869568,220479488,770572288,481276202,16,1179648,1179648,2804274536,0,0,0,0,0,0,0,0,consume,36.6,1647384,604800000000000,0,3600000000000,True,131072,False,1,payload_large,758832,1.0106259999999998,0.725133,20000,0,0,0,20000,2,2129239614,99459586957,0,0,327369892083,,201.08669874777107,False,,False,16
,18899.26854,6879.724554,5578.878014,15965.834844,18806.24443,104,200,3.8,871832,payload_large|consume|20000|16|200|0|131072|true|1h|0s|168h|false|0|0|0|3,0,6,0,24,6,0,0,0,105830831532,0,535959552,537911296,146399232,887980032,639513018,15,1212416,1212416,2804407216,0,0,0,0,0,0,0,0,consume,35.7,1648344,604800000000000,0,3600000000000,True,131072,False,1,payload_large,872632,1.06799,0.6626890000000001,20000,0,0,0,20000,3,1689479941,105830831532,0,0,324399239767,,188.9808452837547,False,,False,16
,347.062446,200.662089,194.286035,278.857523,346.526567,102,200,6.4,64260,payload_large|consume|20000|8|200|0|16384|true|1h|0s|168h|false|0|0|1|0,0,5,0,16,5,0,0,0,2726289131,0,57674656,59637760,6356992,66256896,60876346,19,851968,851968,384119512,0,0,0,0,0,0,0,0,consume,35.0,1648344,604800000000000,0,3600000000000,True,16384,False,1,payload_large,67248,0.16000099999999995,0.223255,20000,0,0,0,20000,0,1438472596,2726289131,0,0,10026188475,,7335.979068611853,False,,True,8
,323.58517,194.64443,188.978447,321.406995,323.292032,101,200,6.7,62320,payload_large|consume|20000|8|200|0|16384|true|1h|0s|168h|false|0|0|0|1,0,5,0,16,5,0,0,0,2623080497,0,27083712,38625280,8273920,62062592,47026882,20,851968,851968,384036664,0,0,0,0,0,0,0,0,consume,35.1,1649784,604800000000000,0,3600000000000,True,16384,False,1,payload_large,66852,0.15863399999999994,0.21480100000000002,20000,0,0,0,20000,1,1783517960,2623080497,0,0,9492418483,,7624.623042592047,False,,False,8
,208.159855,156.000412,176.578192,206.102753,208.153679,106,200,6.8,63240,payload_large|consume|20000|8|200|0|16384|true|1h|0s|168h|false|0|0|0|2,0,2,0,16,2,0,0,0,2233292102,0,42689024,44769280,4521984,61997056,50183962,25,917504,917504,384137392,0,0,0,0,0,0,0,0,consume,35.2,1649784,604800000000000,0,3600000000000,True,16384,False,1,payload_large,66152,0.20316999999999996,0.19973300000000002,20000,0,0,0,20000,2,2095861031,2233292102,0,0,10150752362,,8955.389213121392,False,,False,8
,293.424489,194.255462,194.391924,290.476927,293.404082,101,200,6.3,63340,payload_large|consume|20000|8|200|0|16384|true|1h|0s|168h|false|0|0|0|3,0,8,0,16,8,0,0,0,2648215776,0,46372232,48373760,10452992,62029824,53126282,19,884736,884736,384254168,0,0,0,0,0,0,0,0,consume,35.2,1649784,604800000000000,0,3600000000000,True,16384,False,1,payload_large,66060,0.17898600000000003,0.199182,20000,0,0,0,20000,3,2667760053,2648215776,0,0,9590642258,,7552.254684551808,False,,False,8
,11315.976658,2094.891099,769.816912,8094.857508,10688.475124,105,200,3.4,434000,payload_large|consume|20000|8|200|0|131072|true|1h|0s|168h|false|0|0|1|0,0,2,0,16,2,0,0,0,116857334549,0,141731432,143482880,152289280,439582720,178245162,27,819200,819200,2801631144,0,0,0,0,0,0,0,0,consume,35.3,1650904,604800000000000,0,3600000000000,True,131072,False,1,payload_large,434000,0.913354,0.658476,20000,0,0,0,20000,0,2077502635,116857334549,0,0,322164318802,,171.1488635025618,False,,True,8
,9125.18256,1976.973811,688.057601,7620.664097,8692.216395,104,200,3.7,429572,payload_large|consume|20000|8|200|0|131072|true|1h|0s|168h|false|0|0|0|1,0,2,0,16,2,0,0,0,117105106471,0,337391720,338952192,44302336,435453952,431457298,26,753664,753664,2801697288,0,0,0,0,0,0,0,0,consume,34.4,1652024,604800000000000,0,3600000000000,True,131072,False,1,payload_large,430052,0.9460029999999999,0.671021,20000,0,0,0,20000,1,1461156587,117105106471,0,0,321195548713,,170.78674536667464,False,,False,8
,10300.229562,2065.718118,511.591023,8565.379468,10262.370209,104,200,3.0,339412,payload_large|consume|20000|8|200|0|131072|true|1h|0s|168h|false|0|0|0|2,0,2,0,16,2,0,0,0,114241180889,0,337364632,338952192,24788992,364085248,347276522,25,819200,819200,2801630984,0,0,0,0,0,0,0,0,consume,33.6,1652024,604800000000000,0,3600000000000,True,131072,False,1,payload_large,361972,0.9713080000000001,0.6211639999999999,20000,0,0,0,20000,2,2002022045,114241180889,0,0,324664841199,,175.06821834617213,False,,False,8
,8566.114364,1799.382129,511.660708,5997.252089,8249.457657,104,200,3.9,358196,payload_large|consume|20000|8|200|0|131072|true|1h|0s|168h|false|0|0|0|3,0,2,0,16,2,0,0,0,111626042317,0,225617144,227344384,124338176,414416896,260701074,26,819200,819200,2801701568,0,0,0,0,0,0,0,0,consume,32.9,1653144,604800000000000,0,3600000000000,True,131072,False,1,payload_large,408384,0.933522,0.673932,20000,0,0,0,20000,3,1449955046,111626042317,0,0,323081090260,,179.16965956029523,False,,False,8
,551.009003,41.606733,41.698381,52.683438,59.87758,19999,200,9.8,14752,mixed|mixed|20000|16|200|1|512|true|1h|0s|168h|true|0|0|1|0,20000,17,0,21,17,0,0,120000000000,710715536902,0,1386064,2883584,5111808,10551296,4194304,4064,2031616,2031616,8023924056,551.254951,40.179544,39.416477,50.447116,62.28834,20000,2,0,mixed,32.2,1654744,604800000000000,0,3600000000000,True,512,False,1,mixed,15280,35.513084,34.631145,0,20000,0,1,20000,0,1674956461,710715536902,0,0,0,,28.140653976948,True,,True,16
,190.817321,41.285691,41.780546,52.02892,56.621691,199996,200,10.0,19756,mixed|mixed|200000|16|200|1|512|true|1h|0s|168h|true|0|0|0|1,200000,17,0,21,17,0,0,120000000000,7022439995901,0,2561608,3842048,8036352,18907136,5333474,37782,2064384,2064384,79466074600,171.712545,39.466906,39.234922,49.568312,56.549204,200000,2,0,mixed,31.5,1655384,604800000000000,0,3600000000000,True,512,False,1,mixed,22420,352.081364,340.52996,0,200000,0,1,200000,1,1317292223,7022439995901,0,0,0,,28.480129430331914,True,,False,16
,556.384851,41.330896,41.820905,51.94554,56.587984,199997,200,10.0,21088,mixed|mixed|200000|16|200|1|512|true|1h|0s|168h|true|0|0|0|2,200000,17,0,21,17,0,0,120000000000,7019867236239,0,2556520,4030464,10133504,18874368,5323298,37817,2097152,2097152,79447273512,556.791753,39.376048,39.196165,49.276231,55.978096,200000,2,0,mixed,27.2,1655540,604800000000000,0,3600000000000,True,512,False,1,mixed,21788,354.664742,340.221714,0,200000,0,1,200000,2,1286824460,7019867236239,0,0,0,,28.49056730981041,True,,False,16
,181.062486,41.357787,41.877689,51.994503,56.574663,199998,200,10.0,19484,mixed|mixed|200000|16|200|1|512|true|1h|0s|168h|true|0|0|0|3,200000,17,0,21,17,0,0,120000000000,7010646089485,0,8051232,9535488,5038080,18874368,9275306,37524,2097152,2097152,79347688576,156.414371,39.269443,39.153639,49.135149,55.454625,200000,2,0,mixed,25.1,1655540,604800000000000,0,3600000000000,True,512,False,1,mixed,21804,353.308624,339.889188,0,200000,0,1,200000,3,1462156070,7010646089485,0,0,0,,28.528041131611587,True,,False,16
,158.338435,41.480623,40.773819,54.545154,58.369215,18422,200,10.5,14696,mixed|mixed|20000|16|200|2|512|true|1h|0s|168h|true|0|0|1|0,20000,14,0,22,14,0,0,120000000000,374187027394,0,3131848,4546560,4923392,10649600,4194304,2185,1933312,1933312,4312737312,140.435405,40.06782,38.6887,51.520498,58.189535,20000,3,0,mixed,23.9,1656820,604800000000000,0,3600000000000,True,512,False,1,mixed,14696,20.193109,19.300756,0,20000,0,2,20000,0,1304191784,374187027394,0,0,0,,53.4492073102818,True,,True,16
,530.044229,40.948911,40.180958,53.859243,57.659608,185646,200,10.8,19824,mixed|mixed|200000|16|200|2|512|true|1h|0s|168h|true|0|0|0|1,200000,18,0,22,18,0,0,120000000000,3692820504212,0,5812768,7020544,8691712,18677760,8625282,20974,2293760,2293760,42700905608,524.170012,39.418164,38.275358,50.10445,56.942567,200000,3,0,mixed,23.9,1658260,604800000000000,0,3600000000000,True,512,False,1,mixed,21148,199.68846100000002,196.960925,0,200000,0,2,200000,1,1353119444,3692820504212,0,0,0,,54.15914468950811,True,,False,16
,517.971923,40.792767,40.068052,53.606581,57.545799,185695,200,10.9,20992,mixed|mixed|200000|16|200|2|512|true|1h|0s|168h|true|0|0|0|2,200000,18,0,22,18,0,0,120000000000,3676282369035,0,7850640,9330688,4833280,18743296,9531378,20870,2228224,2228224,42550103896,500.447267,39.206923,38.080189,49.827607,56.657529,200000,3,0,mixed,23.6,1658260,604800000000000,0,3600000000000,True,512,False,1,mixed,22288,197.305411,195.883949,0,200000,0,2,200000,2,1321002636,3676282369035,0,0,0,,54.40278518445216,True,,False,16
,171.291659,40.565891,39.671809,53.471554,57.425046,186129,200,11.1,20536,mixed|mixed|200000|16|200|2|512|true|1h|0s|168h|true|0|0|0|3,200000,17,0,22,17,0,0,120000000000,3660382725017,0,5780288,7159808,8863744,18874368,8559426,21007,2097152,2097152,42411972336,160.572023,39.098434,37.977564,49.628868,56.517159,200000,3,0,mixed,23.4,1658580,604800000000000,0,3600000000000,True,512,False,1,mixed,21176,198.215516,199.214945,0,200000,0,2,200000,3,1316268761,3660382725017,0,0,0,,54.639095150650164,True,,False,16
,129.740523,40.588099,39.346471,53.938472,59.4938,10800,200,11.1,14600,mixed|mixed|20000|16|200|4|512|true|1h|0s|168h|true|0|0|1|0,20000,20,0,24,20,0,0,120000000000,191518480352,0,1472112,3227648,4972544,10649600,4194304,1210,1933312,1933312,2253116752,148.395433,40.165055,38.018382,53.960529,63.623204,20000,5,0,mixed,23.2,1659060,604800000000000,0,3600000000000,True,512,False,1,mixed,14640,10.684425,10.880270999999999,0,20000,0,4,20000,0,1322857562,191518480352,0,0,0,,104.42856461288302,True,,True,16
,495.549724,40.499899,39.332733,53.713305,58.376304,109436,200,11.7,18536,mixed|mixed|200000|16|200|4|512|true|1h|0s|168h|true|0|0|0|1,200000,20,0,24,20,0,0,120000000000,1905603486876,0,2557824,3809280,10010624,18874368,5328482,13016,2097152,2097152,22460387544,496.577567,39.816979,37.829749,53.228217,58.570085,200000,7,0,mixed,23.2,1660020,604800000000000,0,3600000000000,True,512,False,1,mixed,19720,108.628385,113.22415,0,200000,0,4,200000,1,1354245449,1905603486876,0,0,0,,104.9536282744083,True,,False,16
,556.161876,40.687256,39.400685,53.935899,61.0184,111440,200,12.0,19004,mixed|mixed|200000|16|200|4|512|true|1h|0s|168h|true|0|0|0|2,200000,20,0,24,20,0,0,120000000000,1922009285346,0,2579024,4096000,9355264,18808832,5370882,13481,2162688,2162688,22594083200,557.221313,40.295626,37.930802,53.976545,63.351942,200000,8,0,mixed,23.3,1660952,604800000000000,0,3600000000000,True,512,False,1,mixed,20412,110.267226,116.99779600000001,0,200000,0,4,200000,2,1359454758,1922009285346,0,0,0,,104.0577699207088,True,,False,16
,210.893645,40.539281,39.42711,53.700671,58.018262,110157,200,11.9,18256,mixed|mixed|200000|16|200|4|512|true|1h|0s|168h|true|0|0|0|3,200000,20,0,24,20,0,0,120000000000,1909511582514,0,5203536,6676480,4341760,14614528,7408546,13120,2162688,2162688,22505643968,181.562187,39.889984,37.899941,53.104403,58.306035,200000,6,0,mixed,23.3,1662712,604800000000000,0,3600000000000,True,512,False,1,mixed,19860,110.772969,114.937032,0,200000,0,4,200000,3,1331305638,1909511582514,0,0,0,,104.73882527420263,True,,False,16
,503.959903,40.860151,39.726913,54.460373,59.955023,6537,200,13.3,14656,mixed|mixed|20000|16|200|8|512|true|1h|0s|168h|true|0|0|1|0,20000,23,0,28,23,0,0,120000000000,99539704546,0,2712904,4866048,4866048,10616832,4194304,847,1966080,1966080,1203678624,505.168435,41.451932,38.221731,56.294905,73.039867,20000,15,0,mixed,23.4,1665272,604800000000000,0,3600000000000,True,512,False,1,mixed,14816,6.368128,7.060238,0,20000,0,8,20000,0,1371180275,99539704546,0,0,0,,200.924847941029,True,,True,16
,218.26351,40.287866,38.405863,53.726056,60.625214,65002,200,14.2,17964,mixed|mixed|200000|16|200|8|512|true|1h|0s|168h|true|0|0|0|1,200000,18,0,28,18,0,0,120000000000,975647787673,0,4879880,6389760,10117120,18808832,6759506,9651,2162688,2162688,11876161688,272.36414,40.390029,37.758994,54.765882,64.430457,200000,14,0,mixed,23.5,1667992,604800000000000,0,3600000000000,True,512,False,1,mixed,18664,63.881054999999996,71.897785,0,200000,0,8,200000,1,1356771429,975647787673,0,0,0,,204.9920089267218,True,,False,16
,507.526052,39.709789,37.474021,53.23446,60.856303,69965,200,14.8,18140,mixed|mixed|200000|16|200|8|512|true|1h|0s|168h|true|0|0|0|2,200000,23,0,28,23,0,0,120000000000,966779385966,0,6091040,8011776,7487488,18808832,7515466,10020,2162688,2162688,11843630464,525.522473,40.125463,37.446509,54.490409,64.970037,200000,15,0,mixed,23.6,1669272,604800000000000,0,3600000000000,True,512,False,1,mixed,19356,66.074243,75.23734,0,200000,0,8,200000,2,1385725942,966779385966,0,0,0,,206.87242912214273,True,,False,16
,248.821725,39.447112,36.952304,52.871762,60.385048,71407,200,15.4,19316,mixed|mixed|200000|16|200|8|512|true|1h|0s|168h|true|0|0|0|3,200000,24,0,28,24,0,0,120000000000,960724405904,0,4929360,6537216,7520256,18841600,6863826,10289,2129920,2129920,11801335568,245.29185,39.868393,37.211841,53.904323,63.998075,200000,15,0,mixed,23.8,1671032,604800000000000,0,3600000000000,True,512,False,1,mixed,19712,66.515483,77.289944,0,200000,0,8,200000,3,1323178770,960724405904,0,0,0,,208.17624572762745,True,,False,16
,148.298708,39.073631,38.56984,50.146753,55.134851,20000,200,6.6,13680,mixed|mixed|20000|8|200|1|512|true|1h|0s|168h|true|0|0|1|0,20000,8,0,13,8,0,0,120000000000,688001655259,0,1419872,2678784,1736704,7012352,4194304,1608,1376256,1376256,4024450744,153.807349,40.02072,39.898724,49.705138,56.620674,20000,2,0,mixed,23.8,1671032,604800000000000,0,3600000000000,True,512,False,1,mixed,13680,22.915033,21.76198,0,20000,0,1,20000,0,1330065157,688001655259,0,0,0,,29.06969750308369,True,,True,8
,582.638306,39.717322,39.447504,50.557576,55.603236,199983,200,6.4,18760,mixed|mixed|200000|8|200|1|512|true|1h|0s|168h|true|0|0|0|1,200000,8,0,13,8,0,0,120000000000,6962971084021,0,5700808,6635520,3915776,15171584,8392706,17533,1605632,1605632,40595897640,595.665415,40.418448,40.080765,50.123215,57.145856,200000,2,0,mixed,23.7,1672312,604800000000000,0,3600000000000,True,512,False,1,mixed,20520,235.5494,215.736947,0,200000,0,1,200000,1,1254414171,6962971084021,0,0,0,,28.723370754615186,True,,False,8
,544.356616,39.819859,39.593025,50.643234,55.770655,199996,200,6.5,19008,mixed|mixed|200000|8|200|1|512|true|1h|0s|168h|true|0|0|0|2,200000,9,0,13,9,0,0,120000000000,6960991737983,0,5704048,6758400,4268032,15106048,8400450,17546,1671168,1671168,40577297368,559.900801,40.332058,40.030983,49.911489,56.625329,200000,2,0,mixed,22.6,1672312,604800000000000,0,3600000000000,True,512,False,1,mixed,19896,234.71081900000001,215.774457,0,200000,0,1,200000,2,1327456225,6960991737983,0,0,0,,28.731538195727193,True,,False,8
,167.918611,39.942255,39.759839,50.58071,55.537279,199989,200,6.4,18364,mixed|mixed|200000|8|200|1|512|true|1h|0s|168h|true|0|0|0|3,200000,8,0,13,8,0,0,120000000000,6976389050985,0,5645896,6578176,5824512,15269888,8282898,17631,1507328,1507328,40650232016,149.357688,40.394401,40.05121,49.94233,56.62155,200000,2,0,mixed,21.7,1672312,604800000000000,0,3600000000000,True,512,False,1,mixed,19888,233.871512,210.471772,0,200000,0,1,200000,3,1329971562,6976389050985,0,0,0,,28.668125951456492,True,,False,8
,156.852404,41.497934,40.435184,54.600813,58.549063,17714,200,6.8,13676,mixed|mixed|20000|8|200|2|512|true|1h|0s|168h|true|0|0|1|0,20000,10,0,14,10,0,0,120000000000,378201623969,0,2789904,4079616,6062080,11173888,4194304,921,1409024,1409024,2262429344,150.691536,41.296147,39.550031,53.593335,59.393108,20000,3,0,mixed,21.0,1672312,604800000000000,0,3600000000000,True,512,False,1,mixed,13676,13.834204,12.035300000000001,0,20000,0,2,20000,0,1305816671,378201623969,0,0,0,,52.88184590566257,True,,True,8
,554.511573,40.76291,39.472385,53.880662,58.361585,177963,200,7.0,19276,mixed|mixed|200000|8|200|2|512|true|1h|0s|168h|true|0|0|0|1,200000,10,0,14,10,0,0,120000000000,3720942868861,0,5474168,6496256,5586944,15335424,7942066,10402,1441792,1441792,22412377392,564.95314,40.630763,39.145921,52.387743,58.31095,200000,3,0,mixed,21.0,1672472,604800000000000,0,3600000000000,True,512,False,1,mixed,20556,136.626545,124.477973,0,200000,0,2,200000,1,1324805165,3720942868861,0,0,0,,53.74981746527622,True,,False,8
,182.605629,40.93329,39.705836,53.948396,57.992393,177939,200,7.1,19592,mixed|mixed|200000|8|200|2|512|true|1h|0s|168h|true|0|0|0|2,200000,10,0,14,10,0,0,120000000000,3737869695791,0,7566952,8847360,5849088,19234816,8929042,10298,1736704,1736704,22482312928,161.603339,40.751191,39.239621,52.314897,58.268315,200000,3,0,mixed,20.7,1672472,604800000000000,0,3600000000000,True,512,False,1,mixed,21472,136.856293,124.521644,0,200000,0,2,200000,2,1274503091,3737869695791,0,0,0,,53.50641308476015,True,,False,8
,547.929614,41.530428,40.452187,54.626246,58.721152,177251,200,6.9,20168,mixed|mixed|200000|8|200|2|512|true|1h|0s|168h|true|0|0|0|3,200000,10,0,14,10,0,0,120000000000,3779752564877,0,7601344,8921088,2285568,15269888,8865578,10429,1507328,1507328,22626037040,550.929707,41.198644,39.504213,53.114848,58.95569,200000,3,0,mixed,20.5,1672472,604800000000000,0,3600000000000,True,512,False,1,mixed,20924,137.16235,123.42915500000001,0,200000,0,2,200000,3,1260461704,3779752564877,0,0,0,,52.91351657737637,True,,False,8
,144.555061,41.4852,40.402774,54.993954,58.993096,9994,200,7.5,13636,mixed|mixed|20000|8|200|4|512|true|1h|0s|168h|true|0|0|1|0,20000,12,0,16,12,0,0,120000000000,197930222461,0,1819160,3383296,5955584,11075584,4194304,568,1507328,1507328,1217050808,141.561124,42.014942,39.505167,56.259376,65.588093,20000,7,0,mixed,20.3,1672472,604800000000000,0,3600000000000,True,512,False,1,mixed,13688,7.871524,7.218812,0,20000,0,4,20000,0,1358431793,197930222461,0,0,0,,101.04571071222225,True,,True,8
,186.972646,41.573835,40.528358,54.835771,59.306493,100167,200,7.7,16988,mixed|mixed|200000|8|200|4|512|true|1h|0s|168h|true|0|0|0|1,200000,12,0,16,12,0,0,120000000000,1976905864258,0,2366344,3538944,6537216,15171584,4938626,7031,1605632,1605632,12171836320,194.285222,41.822161,39.369501,55.647276,61.188469,200000,7,0,mixed,20.3,1674232,604800000000000,0,3600000000000,True,512,False,1,mixed,19120,79.104124,73.231742,0,200000,0,4,200000,1,1382726792,1976905864258,0,0,0,,101.16819602589767,True,,False,8
,528.851875,41.6981,40.688743,55.075156,59.738116,100252,200,7.7,17912,mixed|mixed|200000|8|200|4|512|true|1h|0s|168h|true|0|0|0|2,200000,12,0,16,12,0,0,120000000000,1981365249176,0,2347648,3416064,7364608,15204352,4901234,7037,1572864,1572864,12189553896,530.397966,41.896834,39.454087,55.850527,61.664941,200000,7,0,mixed,20.3,1674392,604800000000000,0,3600000000000,True,512,False,1,mixed,18224,79.062144,73.77775700000001,0,200000,0,4,200000,2,1333160138,1981365249176,0,0,0,,100.94050053778574,True,,False,8
,197.187516,41.597808,40.565536,54.915918,59.143142,100032,200,7.7,19048,mixed|mixed|200000|8|200|4|512|true|1h|0s|168h|true|0|0|0|3,200000,12,0,16,12,0,0,120000000000,1978652779174,0,5991272,7405568,8396800,19300352,7234906,7029,1671168,1671168,12182128856,232.699136,41.833759,39.42395,55.69957,60.602157,200000,6,0,mixed,20.3,1674392,604800000000000,0,3600000000000,True,512,False,1,mixed,19048,78.851443,73.795457,0,200000,0,4,200000,3,1274981476,1978652779174,0,0,0,,101.07887654927063,True,,False,8
,547.447651,41.962785,40.717942,55.448571,63.836073,5562,200,8.8,14364,mixed|mixed|20000|8|200|8|512|true|1h|0s|168h|true|0|0|1|0,20000,16,0,20,16,0,0,120000000000,102937860644,0,2295544,4194304,5423104,10747904,4194304,431,1835008,1835008,662944920,548.405151,43.134437,39.8035,57.948765,79.685074,20000,15,0,mixed,20.3,1674552,604800000000000,0,3600000000000,True,512,False,1,mixed,14540,4.6577519999999994,4.525587,0,20000,0,8,20000,0,1274074381,102937860644,0,0,0,,194.29197260246104,True,,True,8
,178.533016,41.590707,40.309467,55.251301,62.159673,55235,200,9.3,17192,mixed|mixed|200000|8|200|8|512|true|1h|0s|168h|true|0|0|0|1,200000,16,0,20,16,0,0,120000000000,1012600848316,0,5504368,7020544,4186112,14745600,6702490,5567,2031616,2031616,6567045376,245.688068,42.166654,39.15481,56.560621,66.200554,200000,16,0,mixed,20.3,1674872,604800000000000,0,3600000000000,True,512,False,1,mixed,18824,46.752237,46.973617,0,200000,0,8,200000,1,1362168615,1012600848316,0,0,0,,197.5111914360025,True,,False,8
,518.59701,41.858701,40.579805,55.529973,62.881843,55578,200,9.2,17880,mixed|mixed|200000|8|200|8|512|true|1h|0s|168h|true|0|0|0|2,200000,16,0,20,16,0,0,120000000000,1019139698631,0,5566296,7266304,3956736,14778368,7026570,5585,1998848,1998848,6597023632,529.69849,42.467175,39.327809,57.058256,67.788139,200000,14,0,mixed,20.3,1674872,604800000000000,0,3600000000000,True,512,False,1,mixed,18844,47.10157,46.60819,0,200000,0,8,200000,2,1336536689,1019139698631,0,0,0,,196.24394993999152,True,,False,8
,236.666223,41.877924,40.422008,55.728754,64.284285,55595,200,9.2,16972,mixed|mixed|200000|8|200|8|512|true|1h|0s|168h|true|0|0|0|3,200000,14,0,20,14,0,0,120000000000,1020384152153,0,2536000,3883008,6545408,14942208,5279666,5628,1835008,1835008,6591979864,327.551208,42.629523,39.39532,57.372322,73.400714,200000,15,0,mixed,20.4,1674872,604800000000000,0,3600000000000,True,512,False,1,mixed,18120,46.911554,46.832581,0,200000,0,8,200000,3,1336016824,1020384152153,0,0,0,,196.00461216298007,True,,False,8
True,56.461236,49.79929,55.216893,56.461236,56.461236,5,50,1.9,11840,partition|consume|20000|4|50|0|512|true|1h|2160h|168h|false|0|90|1|0,0,4,0,12,4,0,0,0,84728603,0,711208,1785856,2760704,7798784,4194304,1,589824,589824,375792,0,0,0,0,0,0,0,0,consume,17.7,537552,604800000000000,7776000000000000,3600000000000,True,512,False,1,partition,12148,0.0008840000000000514,0.003847000000000017,222,0,0,0,20000,0,13684947030,84728603,0,90,17567979992,222,2620.1305360835468,False,222,True,4
True,130.982602,64.027751,63.335693,80.76739,91.669984,445,50,15.8,12704,partition|consume|2000000|4|50|0|512|true|1h|2160h|168h|false|0|90|0|1,0,3,0,12,3,0,0,0,7310889203,0,516104,1900544,1818624,7471104,4194304,11,917504,917504,30578968,0,0,0,0,0,0,0,0,consume,37.4,1417552,604800000000000,7776000000000000,3600000000000,True,512,False,1,partition,13016,0.13462000000000174,0.11613700000000016,22222,0,0,0,2000000,1,14468103592,7310889203,0,90,263703212109,22222,3039.5755403981875,False,22222,False,4
True,144.604001,63.803632,61.377311,86.912355,111.92738,445,50,15.8,13344,partition|consume|2000000|4|50|0|512|true|1h|2160h|168h|false|0|90|0|2,0,1,0,12,1,0,0,0,7275916755,0,2071968,3391488,2211840,7602176,4194304,11,786432,786432,30550696,0,0,0,0,0,0,0,0,consume,39.2,1428592,604800000000000,7776000000000000,3600000000000,True,512,False,1,partition,13436,0.1414699999999982,0.10560200000000108,22222,0,0,0,2000000,2,19159481995,7275916755,0,90,257278356206,22222,3054.185575271882,False,22222,False,4
True,171.123479,64.197415,62.058536,85.688343,106.685402,445,50,16.1,13404,partition|consume|2000000|4|50|0|512|true|1h|2160h|168h|false|0|90|0|3,0,2,0,12,2,0,0,0,7329672646,0,1268136,2727936,2154496,7569408,4194304,11,819200,819200,30575824,0,0,0,0,0,0,0,0,consume,39.8,1430352,604800000000000,7776000000000000,3600000000000,True,512,False,1,partition,13404,0.12284400000000062,0.1402239999999999,22222,0,0,0,2000000,3,19649242312,7329672646,0,90,256143356321,22222,3031.7861483387182,False,22222,False,4
True,287.224143,59.00132,55.993938,78.247588,138.166233,400,50,2.1,12780,partition|consume|20000|4|50|0|512|true|0s|2160h|168h|false|0|90|1|0,0,4,0,12,4,0,0,0,6155767498,0,1772536,3031040,1957888,7667712,4194304,10,720896,720896,27489112,0,0,0,0,0,0,0,0,consume,39.8,1431792,604800000000000,7776000000000000,0,True,512,False,1,partition,13100,0.12654000000000004,0.106099,20000,0,0,0,20000,0,18350775303,6155767498,0,90,17227567518,20000,3248.9856068309873,False,20000,True,4
True,615.192861,58.851659,55.857477,77.453995,119.025219,40001,50,17.3,13736,partition|consume|2000000|4|50|0|512|true|0s|2160h|168h|false|0|90|0|1,0,4,0,12,4,0,0,0,615763005216,0,1386344,2441216,6021120,11370496,4194304,1049,1212416,1212416,2738697904,0,0,0,0,0,0,0,0,consume,64.4,1443312,604800000000000,7776000000000000,0,True,512,False,1,partition,14036,12.109300000000001,11.471816999999998,2000000,0,0,0,2000000,1,15191630427,615763005216,0,90,263929977037,2000000,3248.002856713406,False,2000000,False,4
True,585.77171,59.316445,56.182837,78.123884,125.745644,40000,50,17.3,13904,partition|consume|2000000|4|50|0|512|true|0s|2160h|168h|false|0|90|0|2,0,4,0,12,4,0,0,0,621796280023,0,3369000,4571136,5922816,11436032,4194304,1052,1146880,1146880,2738735768,0,0,0,0,0,0,0,0,consume,73.0,1448592,604800000000000,7776000000000000,0,True,512,False,1,partition,14132,12.032386000000002,11.638196,2000000,0,0,0,2000000,2,14383122010,621796280023,0,90,265308017518,2000000,3216.4875607265144,False,2000000,False,4
True,711.013951,59.235973,56.037117,78.474671,129.016933,40000,50,17.3,13776,partition|consume|2000000|4|50|0|512|true|0s|2160h|168h|false|0|90|0|3,0,4,0,12,4,0,0,0,622106324355,0,1270272,2285568,6348800,11436032,4194304,1059,1146880,1146880,2738803960,0,0,0,0,0,0,0,0,consume,77.3,1452112,604800000000000,7776000000000000,0,True,512,False,1,partition,13952,12.302785,11.520739000000003,2000000,0,0,0,2000000,3,14463253075,622106324355,0,90,264388650160,2000000,3214.884532919032,False,2000000,False,4
True,44.918074,36.271564,42.254389,44.918074,44.918074,5,50,5.5,11936,partition|consume|20000|4|50|0|512|false|1h|2160h|168h|false|0|90|1|0,0,1,0,12,1,0,0,0,71680803,0,2795760,3964928,2908160,7864320,4194304,0,524288,524288,360800,0,0,0,0,0,0,0,0,consume,77.3,1452112,604800000000000,7776000000000000,3600000000000,False,512,False,1,partition,12312,0.0018199999999999883,0.002589000000000008,222,0,0,0,20000,0,3914705457,71680803,0,90,4293657935,222,3097.0635192242476,False,222,True,4
True,103.985179,29.239744,25.513872,44.664149,61.440979,445,50,23.6,13604,partition|consume|2000000|4|50|0|512|false|1h|2160h|168h|false|0|90|0|1,0,1,0,12,1,0,0,0,103031629722,0,2750456,3784704,2392064,7634944,4194304,9,753664,753664,30506552,0,0,0,0,0,0,0,0,consume,84.2,1453712,604800000000000,7776000000000000,3600000000000,False,512,False,1,partition,13764,0.1656019999999998,0.14288599999999896,22222,0,0,0,2000000,1,230091891,103031629722,0,90,185479460885,22222,215.6813403802251,False,22222,False,4
True,84.645653,30.92229,27.818486,47.913234,64.870968,445,50,24.4,13400,partition|consume|2000000|4|50|0|512|false|1h|2160h|168h|false|0|90|0|2,0,1,0,12,1,0,0,0,105343865645,0,1595632,2727936,2334720,7602176,4194304,10,786432,786432,30512632,0,0,0,0,0,0,0,0,consume,90.4,1454352,604800000000000,7776000000000000,3600000000000,False,512,False,1,partition,13400,0.17144799999999805,0.1488189999999996,22222,0,0,0,2000000,2,365834478,105343865645,0,90,184065038142,22222,210.94726175025966,False,22222,False,4
True,113.106539,30.472613,25.527779,49.562371,85.465005,445,50,25.7,13436,partition|consume|2000000|4|50|0|512|false|1h|2160h|168h|false|0|90|0|3,0,1,0,12,1,0,0,0,105750955564,0,2291560,3432448,2080768,7536640,4194304,10,851968,851968,30516472,0,0,0,0,0,0,0,0,consume,95.9,1457072,604800000000000,7776000000000000,3600000000000,False,512,False,1,partition,13720,0.1811829999999972,0.14334500000000006,22222,0,0,0,2000000,3,352485309,105750955564,0,90,192899354842,22222,210.13521704351265,False,22222,False,4
True,86.377068,39.677075,35.648956,56.433136,67.367643,401,50,10.0,12432,partition|consume|20000|4|50|0|512|false|0s|2160h|168h|false|0|90|1|0,0,4,0,12,4,0,0,0,4167365275,0,2966664,4112384,2531328,7700480,4194304,10,688128,688128,27497880,0,0,0,0,0,0,0,0,consume,95.9,1457072,604800000000000,7776000000000000,0,False,512,False,1,partition,12592,0.09901300000000002,0.11037000000000002,20000,0,0,0,20000,0,339279544,4167365275,0,90,4288557481,20000,4799.195338114439,False,20000,True,4
True,679.844629,44.292155,42.269448,63.346182,104.273059,40000,50,25.8,13832,partition|consume|2000000|4|50|0|512|false|0s|2160h|168h|false|0|90|0|1,0,4,0,12,4,0,0,0,462988918312,0,2486440,3743744,5709824,11403264,4194304,1102,1179648,1179648,2739155576,0,0,0,0,0,0,0,0,consume,95.8,1458672,604800000000000,7776000000000000,0,False,512,False,1,partition,14440,10.689278000000002,10.785129999999999,2000000,0,0,0,2000000,1,224818025,462988918312,0,90,192132861853,2000000,4319.757819024591,False,2000000,False,4
True,571.435013,44.63132,42.529124,64.376444,105.870752,40000,50,24.5,14012,partition|consume|2000000|4|50|0|512|false|0s|2160h|168h|false|0|90|0|2,0,4,0,12,4,0,0,0,466017711656,0,2121120,3284992,6021120,11468800,4194304,1102,1114112,1114112,2739169680,0,0,0,0,0,0,0,0,consume,89.3,1460272,604800000000000,7776000000000000,0,False,512,False,1,partition,14084,10.759195000000002,10.736058999999997,2000000,0,0,0,2000000,2,371332700,466017711656,0,90,193914756986,2000000,4291.682375961579,False,2000000,False,4
True,616.216854,44.305088,42.363098,63.604522,98.739524,40002,50,24.8,13892,partition|consume|2000000|4|50|0|512|false|0s|2160h|168h|false|0|90|0|3,0,3,0,12,3,0,0,0,463043734194,0,2591448,3874816,5955584,11436032,4194304,1102,1146880,1146880,2739230952,0,0,0,0,0,0,0,0,consume,84.2,1461712,604800000000000,7776000000000000,0,False,512,False,1,partition,14212,10.698427000000002,10.814074999999999,2000000,0,0,0,2000000,3,387985194,463043734194,0,90,193106557732,2000000,4319.246438959622,False,2000000,False,4
True,151.584774,107.425043,107.964808,136.4198,151.330667,102,200,12.0,13524,durable|consume|20000|16|200|0|512|true|1h|0s|168h|false|0|0|1|0,0,11,0,24,11,0,0,0,825470520,0,4820344,6692864,3702784,11534336,6430210,14,1048576,1048576,27280648,0,0,0,0,0,0,0,0,consume,80.1,1503152,604800000000000,0,3600000000000,True,512,False,1,durable,14512,0.037775999999999976,0.06747199999999998,20000,0,0,0,20000,0,1354095798,825470520,0,0,2659307532,20000,24228.60600763792,False,20000,True,16
True,555.243899,85.040852,75.793843,112.896599,490.102332,1001,200,23.0,16256,durable|consume|200000|16|200|0|512|true|1h|0s|168h|false|0|0|0|1,0,11,0,24,11,0,0,0,6495912846,0,2670416,5013504,6512640,14942208,4194304,136,1835008,1835008,265290848,0,0,0,0,0,0,0,0,consume,80.4,1518672,604800000000000,0,3600000000000,True,512,False,1,durable,17984,0.3233680000000003,0.654814,200000,0,0,0,200000,1,1469908440,6495912846,0,0,18727625850,200000,30788.59041699649,False,200000,False,16
True,361.034717,78.145788,75.430167,111.564395,158.365383,1001,200,21.5,16712,durable|consume|200000|16|200|0|512|true|1h|0s|168h|false|0|0|0|2,0,16,0,24,16,0,0,0,6079838932,0,2510832,4530176,7110656,14974976,4194304,139,1802240,1802240,265492416,0,0,0,0,0,0,0,0,consume,80.6,1521552,604800000000000,0,3600000000000,True,512,False,1,durable,18632,0.30838399999999977,0.6862840000000001,200000,0,0,0,200000,2,2332336236,6079838932,0,0,19017941730,200000,32895.60829438105,False,200000,False,16
True,396.881825,80.255161,75.23416,119.625627,207.751473,1000,200,20.2,16404,durable|consume|200000|16|200|0|512|true|1h|0s|168h|false|0|0|0|3,0,10,0,24,10,0,0,0,6409721428,0,2796496,4571136,9076736,14843904,4194304,138,1802240,1802240,267435840,0,0,0,0,0,0,0,0,consume,80.8,1524432,604800000000000,0,3600000000000,True,512,False,1,durable,17656,0.31461000000000006,0.681201,200000,0,0,0,200000,3,3508591081,6409721428,0,0,19500520147,200000,31202.604082967955,False,200000,False,16
True,363.367657,112.36281,102.65771,195.140792,349.322413,100,200,6.4,12772,durable|consume|20000|8|200|0|512|true|1h|0s|168h|false|0|0|1|0,0,3,0,16,3,0,0,0,1605455103,0,2499928,3940352,6512640,11796480,4194304,13,786432,786432,26641416,0,0,0,0,0,0,0,0,consume,80.9,1524432,604800000000000,0,3600000000000,True,512,False,1,durable,13776,0.037103,0.06228799999999998,20000,0,0,0,20000,0,4011539827,1605455103,0,0,3289110304,20000,12457.526817553115,False,20000,True,8
True,433.182727,68.764011,65.010274,91.163056,155.793733,1002,200,21.6,12876,durable|consume|200000|8|200|0|512|true|1h|0s|168h|false|0|0|0|1,0,6,0,16,6,0,0,0,9619030521,0,1591976,2981888,6651904,11501568,4194304,128,1081344,1081344,264645336,0,0,0,0,0,0,0,0,consume,80.9,1525392,604800000000000,0,3600000000000,True,512,False,1,durable,13356,0.35397900000000027,0.5561739999999997,200000,0,0,0,200000,1,2750320680,9619030521,0,0,18907504613,200000,20792.116166319003,False,200000,False,8
True,240.246707,67.110839,65.821074,93.399649,182.752762,1001,200,19.4,13488,durable|consume|200000|8|200|0|512|true|1h|0s|168h|false|0|0|0|2,0,4,0,16,4,0,0,0,9328632503,0,2307056,3842048,6373376,11534336,4194304,130,1048576,1048576,264420896,0,0,0,0,0,0,0,0,consume,80.9,1527792,604800000000000,0,3600000000000,True,512,False,1,durable,13864,0.351445,0.5553619999999999,200000,0,0,0,200000,2,4531831461,9328632503,0,0,19796923233,200000,21439.369589881677,False,200000,False,8
True,448.247273,70.408017,66.056692,103.76819,200.579541,1001,200,18.8,13900,durable|consume|200000|8|200|0|512|true|1h|0s|168h|false|0|0|0|3,0,4,0,16,4,0,0,0,9756298273,0,1822768,3391488,6307840,11501568,4194304,130,1081344,1081344,264452536,0,0,0,0,0,0,0,0,consume,80.8,1527792,604800000000000,0,3600000000000,True,512,False,1,durable,14240,0.3111760000000001,0.5931090000000001,200000,0,0,0,200000,3,4619372012,9756298273,0,0,20126102005,200000,20499.578262535146,False,200000,False,8
True,0,0,0,0,0,0,0,1.2,12208,enqueue_tx|enqueue|20000|0|0|1|512|true|0|0s|168h|true|0|0|1|0,0,1,0,9,1,0,0,0,415176978125,0,1553560,2138112,2891776,7667712,4194304,9,720896,720896,31387016,0,0,0,0,0,0,0,0,enqueue,80.8,1527792,604800000000000,0,0,True,512,False,1,enqueue_tx,12208,3.020804,2.168266,0,0,0,1,20000,0,2572091177,415176978125,0,0,0,20000,48.17222787815193,True,0,True,0
True,0,0,0,0,0,0,0,1.2,13128,enqueue_tx|enqueue|200000|0|0|1|512|true|0|0s|168h|true|0|0|0|1,0,1,0,9,1,0,0,0,4082789180139,0,2435976,3104768,2564096,7471104,4194304,94,917504,917504,312767944,0,0,0,0,0,0,0,0,enqueue,76.5,1527952,604800000000000,0,0,True,512,False,1,enqueue_tx,13128,31.064968999999998,21.529935000000002,0,0,0,1,200000,1,1344498832,4082789180139,0,0,0,200000,48.986119825366764,True,0,False,0
True,0,0,0,0,0,0,0,1.2,13104,enqueue_tx|enqueue|200000|0|0|1|512|true|0|0s|168h|true|0|0|0|2,0,1,0,9,1,0,0,0,4104612960836,0,3503640,4210688,2146304,7471104,4194304,94,917504,917504,312813032,0,0,0,0,0,0,0,0,enqueue,51.5,1527952,604800000000000,0,0,True,512,False,1,enqueue_tx,13104,31.39011,21.093246,0,0,0,1,200000,2,1336802924,4104612960836,0,0,0,200000,48.725665953962526,True,0,False,0
True,0,0,0,0,0,0,0,1.2,13244,enqueue_tx|enqueue|200000|0|0|1|512|true|0|0s|168h|true|0|0|0|3,0,1,0,9,1,0,0,0,4111553815097,0,3207360,3850240,2228224,7471104,4194304,94,917504,917504,312758184,0,0,0,0,0,0,0,0,enqueue,39.9,1527952,604800000000000,0,0,True,512,False,1,enqueue_tx,13244,31.47385,21.239967,0,0,0,1,200000,3,1350062318,4111553815097,0,0,0,200000,48.64341049498864,True,0,False,0
True,0,0,0,0,0,0,0,1.3,12572,enqueue_tx|enqueue|20000|0|0|2|512|true|0|0s|168h|true|0|0|1|0,0,2,0,10,2,0,0,0,366576307384,0,2589016,3276800,2236416,7536640,4194304,9,851968,851968,31409240,0,0,0,0,0,0,0,0,enqueue,33.3,1530512,604800000000000,0,0,True,512,False,1,enqueue_tx,12572,3.0673630000000003,2.030319,0,0,0,2,20000,0,1330550124,366576307384,0,0,0,20000,54.55889973557233,True,0,True,0
True,0,0,0,0,0,0,0,1.3,12776,enqueue_tx|enqueue|200000|0|0|2|512|true|0|0s|168h|true|0|0|0|1,0,2,0,10,2,0,0,0,3639263549190,0,3515528,4202496,2457600,7503872,4194304,95,884736,884736,312785440,0,0,0,0,0,0,0,0,enqueue,32.8,1530512,604800000000000,0,0,True,512,False,1,enqueue_tx,12824,30.345921,20.244906,0,0,0,2,200000,1,1338868157,3639263549190,0,0,0,200000,54.95617376886994,True,0,False,0
True,0,0,0,0,0,0,0,1.3,13500,enqueue_tx|enqueue|200000|0|0|2|512|true|0|0s|168h|true|0|0|0|2,0,2,0,10,2,0,0,0,3652729126335,0,1652800,2408448,2572288,7471104,4194304,96,917504,917504,312834104,0,0,0,0,0,0,0,0,enqueue,29.1,1530672,604800000000000,0,0,True,512,False,1,enqueue_tx,13500,30.971056,19.976758,0,0,0,2,200000,2,1356799750,3652729126335,0,0,0,200000,54.75358097540397,True,0,False,0
True,0,0,0,0,0,0,0,1.3,13020,enqueue_tx|enqueue|200000|0|0|2|512|true|0|0s|168h|true|0|0|0|3,0,2,0,10,2,0,0,0,3655409009994,0,547840,1687552,2564096,7405568,4194304,96,983040,983040,312796784,0,0,0,0,0,0,0,0,enqueue,26.4,1530832,604800000000000,0,0,True,512,False,1,enqueue_tx,13020,30.803341,19.966138,0,0,0,2,200000,3,1359684725,3655409009994,0,0,0,200000,54.71343957767623,True,0,False,0
True,0,0,0,0,0,0,0,2.1,12884,enqueue_tx|enqueue|20000|0|0|4|512|true|0|0s|168h|true|0|0|1|0,0,4,0,12,4,0,0,0,190602858713,0,1378312,2359296,2351104,7274496,4194304,10,1114112,1114112,31405520,0,0,0,0,0,0,0,0,enqueue,24.3,1531312,604800000000000,0,0,True,512,False,1,enqueue_tx,12884,2.414654,1.664727,0,0,0,4,20000,0,1334806144,190602858713,0,0,0,20000,104.93022053837595,True,0,True,0
True,0,0,0,0,0,0,0,2.1,13220,enqueue_tx|enqueue|200000|0|0|4|512|true|0|0s|168h|true|0|0|0|1,0,4,0,12,4,0,0,0,1896009050063,0,1140496,2433024,2269184,7340032,4194304,102,1048576,1048576,311994480,0,0,0,0,0,0,0,0,enqueue,24.2,1533552,604800000000000,0,0,True,512,False,1,enqueue_tx,13220,24.570303,16.441610999999998,0,0,0,4,200000,1,1305652097,1896009050063,0,0,0,200000,105.48472856358701,True,0,False,0
True,0,0,0,0,0,0,0,2.1,13392,enqueue_tx|enqueue|200000|0|0|4|512|true|0|0s|168h|true|0|0|0|2,0,4,0,12,4,0,0,0,1896033937710,0,3135576,4014080,2342912,7307264,4194304,101,1081344,1081344,312028560,0,0,0,0,0,0,0,0,enqueue,23.4,1533552,604800000000000,0,0,True,512,False,1,enqueue_tx,13392,24.430656,16.546080999999997,0,0,0,4,200000,2,1316915036,1896033937710,0,0,0,200000,105.4833439540417,True,0,False,0
True,0,0,0,0,0,0,0,2.1,13484,enqueue_tx|enqueue|200000|0|0|4|512|true|0|0s|168h|true|0|0|0|3,0,4,0,12,4,0,0,0,1898474590346,0,3210080,4104192,2162688,7077888,4194304,102,1310720,1310720,312029400,0,0,0,0,0,0,0,0,enqueue,22.8,1534832,604800000000000,0,0,True,512,False,1,enqueue_tx,13484,24.571697,16.366362,0,0,0,4,200000,3,1291900534,1898474590346,0,0,0,200000,105.34773602819182,True,0,False,0
True,0,0,0,0,0,0,0,3.2,13376,enqueue_tx|enqueue|20000|0|0|8|512|true|0|0s|168h|true|0|0|1|0,0,8,0,16,8,0,0,0,98445517443,0,1295640,2842624,5988352,11173888,4194304,11,1409024,1409024,31466616,0,0,0,0,0,0,0,0,enqueue,22.2,1534992,604800000000000,0,0,True,512,False,1,enqueue_tx,13376,1.836159,1.365974,0,0,0,8,20000,0,1357731276,98445517443,0,0,0,20000,203.15805655224483,True,0,True,0
True,0,0,0,0,0,0,0,3.2,14096,enqueue_tx|enqueue|200000|0|0|8|512|true|0|0s|168h|true|0|0|0|1,0,8,0,16,8,0,0,0,986496214646,0,853944,2490368,5783552,10846208,4194304,115,1736704,1736704,311778088,0,0,0,0,0,0,0,0,enqueue,22.1,1535312,604800000000000,0,0,True,512,False,1,enqueue_tx,14096,18.428246,13.536047,0,0,0,8,200000,1,1294079371,986496214646,0,0,0,200000,202.73772674512406,True,0,False,0
True,0,0,0,0,0,0,0,3.2,14272,enqueue_tx|enqueue|200000|0|0|8|512|true|0|0s|168h|true|0|0|0|2,0,8,0,16,8,0,0,0,985225423653,0,2877984,4112384,5414912,10780672,4194304,114,1802240,1802240,311775184,0,0,0,0,0,0,0,0,enqueue,21.9,1535312,604800000000000,0,0,True,512,False,1,enqueue_tx,14272,18.286541,13.533525,0,0,0,8,200000,2,1393052216,985225423653,0,0,0,200000,202.99922758635665,True,0,False,0
True,0,0,0,0,0,0,0,3.2,14168,enqueue_tx|enqueue|200000|0|0|8|512|true|0|0s|168h|true|0|0|0|3,0,8,0,16,8,0,0,0,984979012779,0,1707096,3162112,5619712,10813440,4194304,114,1769472,1769472,311759344,0,0,0,0,0,0,0,0,enqueue,21.8,1535312,604800000000000,0,0,True,512,False,1,enqueue_tx,14328,18.547798,13.417995,0,0,0,8,200000,3,1370088298,984979012779,0,0,0,200000,203.0500116299169,True,0,False,0
True,0,0,0,0,0,0,0,0.6,12160,enqueue_no_tx|enqueue|20000|0|0|1|512|true|0|0s|168h|false|0|0|1|0,0,1,0,9,1,0,0,0,405216784637,0,2302280,2932736,2949120,7929856,4194304,6,458752,458752,22772728,0,0,0,0,0,0,0,0,enqueue,21.6,1535312,604800000000000,0,0,True,512,False,1,enqueue_no_tx,12160,1.662777,1.109363,0,0,0,1,20000,0,1408874151,405216784637,0,0,0,20000,49.356297069274504,False,0,True,0
True,0,0,0,0,0,0,0,0.6,12676,enqueue_no_tx|enqueue|200000|0|0|1|512|true|0|0s|168h|false|0|0|0|1,0,1,0,9,1,0,0,0,4045183252162,0,573296,1105920,3047424,7897088,4194304,65,491520,491520,227485400,0,0,0,0,0,0,0,0,enqueue,21.5,1535312,604800000000000,0,0,True,512,False,1,enqueue_no_tx,12676,16.362621999999998,10.932318,0,0,0,1,200000,1,1361856210,4045183252162,0,0,0,200000,49.44151785783931,False,0,False,0
True,0,0,0,0,0,0,0,0.6,12512,enqueue_no_tx|enqueue|200000|0|0|1|512|true|0|0s|168h|false|0|0|0|2,0,1,0,9,1,0,0,0,4045812392947,0,698456,1351680,3006464,7929856,4194304,65,458752,458752,227482624,0,0,0,0,0,0,0,0,enqueue,20.2,1535312,604800000000000,0,0,True,512,False,1,enqueue_no_tx,12512,16.293896,11.179923,0,0,0,1,200000,2,1328287114,4045812392947,0,0,0,200000,49.43382949457983,False,0,False,0
True,0,0,0,0,0,0,0,0.6,12480,enqueue_no_tx|enqueue|200000|0|0|1|512|true|0|0s|168h|false|0|0|0|3,0,1,0,9,1,0,0,0,4048902363104,0,758768,1327104,3039232,7962624,4194304,65,425984,425984,227480840,0,0,0,0,0,0,0,0,enqueue,19.2,1535312,604800000000000,0,0,True,512,False,1,enqueue_no_tx,12480,16.295685000000002,11.421166000000001,0,0,0,1,200000,3,1324335102,4048902363104,0,0,0,200000,49.396103453251584,False,0,False,0
True,0,0,0,0,0,0,0,0.7,12240,enqueue_no_tx|enqueue|20000|0|0|2|512|true|0|0s|168h|false|0|0|1|0,0,2,0,10,2,0,0,0,364478194548,0,2477088,3088384,2785280,7962624,4194304,6,425984,425984,22775256,0,0,0,0,0,0,0,0,enqueue,18.4,1535312,604800000000000,0,0,True,512,False,1,enqueue_no_tx,12240,1.6709070000000001,1.084497,0,0,0,2,20000,0,1336963991,364478194548,0,0,0,20000,54.87296716008644,False,0,True,0
True,0,0,0,0,0,0,0,0.7,12972,enqueue_no_tx|enqueue|200000|0|0|2|512|true|0|0s|168h|false|0|0|0|1,0,2,0,10,2,0,0,0,3648565027168,0,1285648,1892352,2867200,7897088,4194304,66,491520,491520,227509096,0,0,0,0,0,0,0,0,enqueue,18.3,1535312,604800000000000,0,0,True,512,False,1,enqueue_no_tx,12972,16.223408000000003,11.007254,0,0,0,2,200000,1,1400799939,3648565027168,0,0,0,200000,54.816071115837865,False,0,False,0
True,0,0,0,0,0,0,0,0.7,12612,enqueue_no_tx|enqueue|200000|0|0|2|512|true|0|0s|168h|false|0|0|0|2,0,2,0,10,2,0,0,0,3637932496210,0,1325704,1998848,2981888,7897088,4194304,66,491520,491520,227505736,0,0,0,0,0,0,0,0,enqueue,17.7,1535312,604800000000000,0,0,True,512,False,1,enqueue_no_tx,12612,15.846783,10.931246,0,0,0,2,200000,2,1337993604,3637932496210,0,0,0,200000,54.97628122796674,False,0,False,0
True,0,0,0,0,0,0,0,0.7,12464,enqueue_no_tx|enqueue|200000|0|0|2|512|true|0|0s|168h|false|0|0|0|3,0,2,0,10,2,0,0,0,3600702011993,0,641576,1220608,2981888,7929856,4194304,66,458752,458752,227504448,0,0,0,0,0,0,0,0,enqueue,17.1,1535312,604800000000000,0,0,True,512,False,1,enqueue_no_tx,12464,15.548611,10.770472,0,0,0,2,200000,3,1359969844,3600702011993,0,0,0,200000,55.54472414930537,False,0,False,0
True,0,0,0,0,0,0,0,1.1,11984,enqueue_no_tx|enqueue|20000|0|0|4|512|true|0|0s|168h|false|0|0|1|0,0,4,0,12,4,0,0,0,186549256244,0,3606600,4489216,2670592,7831552,4194304,6,557056,557056,22733000,0,0,0,0,0,0,0,0,enqueue,16.6,1535312,604800000000000,0,0,True,512,False,1,enqueue_no_tx,11984,1.359329,0.855093,0,0,0,4,20000,0,1360284894,186549256244,0,0,0,20000,107.21029074402038,False,0,True,0
True,0,0,0,0,0,0,0,1.2,12812,enqueue_no_tx|enqueue|200000|0|0|4|512|true|0|0s|168h|false|0|0|0|1,0,4,0,12,4,0,0,0,1867812322379,0,3528648,4308992,2531328,7831552,4194304,68,557056,557056,226801512,0,0,0,0,0,0,0,0,enqueue,16.6,1535312,604800000000000,0,0,True,512,False,1,enqueue_no_tx,12812,13.655178,9.430895,0,0,0,4,200000,1,1325070756,1867812322379,0,0,0,200000,107.07713917705794,False,0,False,0
True,0,0,0,0,0,0,0,1.2,12760,enqueue_no_tx|enqueue|200000|0|0|4|512|true|0|0s|168h|false|0|0|0|2,0,4,0,12,4,0,0,0,1871893730908,0,3371320,4268032,2359296,7864320,4194304,68,524288,524288,226799176,0,0,0,0,0,0,0,0,enqueue,16.4,1535312,604800000000000,0,0,True,512,False,1,enqueue_no_tx,12760,13.718077000000001,9.495873,0,0,0,4,200000,2,1335551398,1871893730908,0,0,0,200000,106.84367210471181,False,0,False,0
True,0,0,0,0,0,0,0,1.2,12960,enqueue_no_tx|enqueue|200000|0|0|4|512|true|0|0s|168h|false|0|0|0|3,0,4,0,12,4,0,0,0,1876721595291,0,514824,1916928,2744320,7831552,4194304,69,557056,557056,226807144,0,0,0,0,0,0,0,0,enqueue,16.2,1535312,604800000000000,0,0,True,512,False,1,enqueue_no_tx,12960,13.955572,9.380068999999999,0,0,0,4,200000,3,1354170263,1876721595291,0,0,0,200000,106.56881686758044,False,0,False,0
True,0,0,0,0,0,0,0,1.8,12592,enqueue_no_tx|enqueue|20000|0|0|8|512|true|0|0s|168h|false|0|0|1|0,0,8,0,16,8,0,0,0,98701218999,0,1771272,2957312,5881856,11796480,4194304,7,786432,786432,22755368,0,0,0,0,0,0,0,0,enqueue,16.1,1535312,604800000000000,0,0,True,512,False,1,enqueue_no_tx,12592,1.058986,0.781485,0,0,0,8,20000,0,1385758128,98701218999,0,0,0,20000,202.63174257455353,False,0,True,0
True,0,0,0,0,0,0,0,2.0,12936,enqueue_no_tx|enqueue|200000|0|0|8|512|true|0|0s|168h|false|0|0|0|1,0,8,0,16,8,0,0,0,938463819682,0,579672,2596864,6529024,11796480,4194304,74,786432,786432,226452032,0,0,0,0,0,0,0,0,enqueue,16.1,1535312,604800000000000,0,0,True,512,False,1,enqueue_no_tx,12936,10.903960999999999,8.593428999999999,0,0,0,8,200000,1,1314605309,938463819682,0,0,0,200000,213.11423605842398,False,0,False,0
True,0,0,0,0,0,0,0,2.0,12984,enqueue_no_tx|enqueue|200000|0|0|8|512|true|0|0s|168h|false|0|0|0|2,0,8,0,16,8,0,0,0,955263126489,0,2785992,4046848,6381568,11894784,4194304,73,688128,688128,226457168,0,0,0,0,0,0,0,0,enqueue,16.0,1535312,604800000000000,0,0,True,512,False,1,enqueue_no_tx,12984,10.851973,8.262058,0,0,0,8,200000,2,1432127623,955263126489,0,0,0,200000,209.36639806781344,False,0,False,0
True,0,0,0,0,0,0,0,1.9,13236,enqueue_no_tx|enqueue|200000|0|0|8|512|true|0|0s|168h|false|0|0|0|3,0,8,0,16,8,0,0,0,949808124406,0,3043264,4161536,6504448,11829248,4194304,73,753664,753664,226455568,0,0,0,0,0,0,0,0,enqueue,16.0,1535312,604800000000000,0,0,True,512,False,1,enqueue_no_tx,13236,10.619366,8.070262,0,0,0,8,200000,3,1451845314,949808124406,0,0,0,200000,210.5688452865971,False,0,False,0
